SHA256	BYTES	RELATIVE_PATH
6e608aec8bf295921edb7b489889a14dadf18fbe7533fbc1be02a09b2615a54e	29	.gitattributes
b1a37d34d04388d38832bea50ebfb083eee8ce412982f17c11396f9d76346645	5119	HANDOFF_README.md
efd5511d6aced8d71feae812d7fab7e2a01ef66ed7add099277f942ba0838475	4025	hotel_image_bulk_english_names.json
0cf42676c46fe1cd40230498988f408c844514f0e5eb34111781de59b5585147	33764	hotel_image_bulk_targets.json
fdb88aedb58eefa07aaa3e81236b81aa6feb822ffc308b6d261d91cd921a57d4	320729	hotel-image-bulk/candidates/aquagardenhotelfukumaru/aquagardenhotelfukumaru_1.jpg
c0297b96dd1c046fb1b3e78829652025857153287513fcf840c14611bd23d786	247205	hotel-image-bulk/candidates/aquagardenhotelfukumaru/aquagardenhotelfukumaru_2.jpg
1791bf37d5368d62515f447b2a296911d7dbbdfd46d9d9af293f227befd288cf	4091	hotel-image-bulk/candidates/aquagardenhotelfukumaru/aquagardenhotelfukumaru_image_manifest.json
c0d7c29fd8b94c0ad0af59c7403ec2d552c47521451f68fb2a16d49441a9400a	229428	hotel-image-bulk/candidates/arthotelkagoshima/arthotelkagoshima_1.jpg
195e5df2a562ae554dd7e58c4073485c6bfeff6d5ced89a61669803d4237289f	222130	hotel-image-bulk/candidates/arthotelkagoshima/arthotelkagoshima_2.jpg
2d22394835e7806f38c212a5030d171c85c37208f2f237382103253dd294c012	3970	hotel-image-bulk/candidates/arthotelkagoshima/arthotelkagoshima_image_manifest.json
2f688eb892ad44b75565f8f91f54d3c0360d0796e77a1988dcbb0467d4cd7c29	313871	hotel-image-bulk/candidates/bbparkhotelkagoshimaannex/bbparkhotelkagoshimaannex_1.jpg
7bd1097ddd6e6b7262e86db72d7a60a4ae30327f207b11f193d7932a5a6fabf7	241067	hotel-image-bulk/candidates/bbparkhotelkagoshimaannex/bbparkhotelkagoshimaannex_2.jpg
d7f50583ed945ddbfa4de4b0d01614cabbe65965f871945d89fc91b708a30078	4167	hotel-image-bulk/candidates/bbparkhotelkagoshimaannex/bbparkhotelkagoshimaannex_image_manifest.json
2835e0eaae41f58cc77ef6f6403ab87905f826811a8081fb2a81ce503b0c6bbc	348025	hotel-image-bulk/candidates/businesshotelatelier/businesshotelatelier_1.jpg
f52e755b673c121b865be5587bfcb733995a0ef313be8a3f260e988ebc7069c4	258290	hotel-image-bulk/candidates/businesshotelatelier/businesshotelatelier_2.jpg
d2ce8a2b1afd8517f5687484d4c9c8f7f14d913076fc803071c5214187b04243	4035	hotel-image-bulk/candidates/businesshotelatelier/businesshotelatelier_image_manifest.json
70d8ffa70a55afb800b0aa1767418663ac5e00d6799621a9469f9bc70282780d	342425	hotel-image-bulk/candidates/businesshotelorientalizuro/businesshotelorientalizuro_1.jpg
a971c949eb475a931b1d19b82c62b3b696d5e096fd1acabcaf9934709f40dfb7	261708	hotel-image-bulk/candidates/businesshotelorientalizuro/businesshotelorientalizuro_2.jpg
ccc85fadd87f07ce83e18c192fc87b11656ecc4775124ad905d191a683dc1dd4	4175	hotel-image-bulk/candidates/businesshotelorientalizuro/businesshotelorientalizuro_image_manifest.json
2669b4789627ceae783bd0f742c809905c5cd5cbdc7a3755e5cc532492865b85	346479	hotel-image-bulk/candidates/businesshoteltenmonkan/businesshoteltenmonkan_1.jpg
85af423a748de9e27ec34d60105ca162567c2cbe1c408890bba9b0575067e333	255148	hotel-image-bulk/candidates/businesshoteltenmonkan/businesshoteltenmonkan_2.jpg
5386428000281abeb86fc8a0a4648ea4e6ee8ac1b6adc1c460b26b7db8f4d6a0	4051	hotel-image-bulk/candidates/businesshoteltenmonkan/businesshoteltenmonkan_image_manifest.json
f6d19b3de9eaddd1e0823a3a43a1d2257f3e79475d0da0c7a1565159f039c206	372175	hotel-image-bulk/candidates/cococlass/cococlass_1.jpg
346e6d4e5cb1338c8f4530504adf81504cb6ae6c059fc760320debce9613d4fb	305252	hotel-image-bulk/candidates/cococlass/cococlass_2.jpg
797616440a7318713d1363d3697b78d71fd691c55b43af5e3e3c95a01356e6c1	3790	hotel-image-bulk/candidates/cococlass/cococlass_image_manifest.json
d8941a77185304fcc6f2f156a5b215c5544a1fee2b92c731b461f372ad21d5f5	259456	hotel-image-bulk/candidates/comfortinnkagoshimataniyama/comfortinnkagoshimataniyama_1.jpg
773c0ec4b86cbbdc87e9ad28c0a3063ca98dc3e17f47368f93f798dda3cecd34	273048	hotel-image-bulk/candidates/comfortinnkagoshimataniyama/comfortinnkagoshimataniyama_2.jpg
58f33c720ff7b14c4e2c4c0bd64ca150c47bedba9a3c1b447a90444f26b5e1cf	4159	hotel-image-bulk/candidates/comfortinnkagoshimataniyama/comfortinnkagoshimataniyama_image_manifest.json
8843a43cff4be44fbd195f5d4ba1b5519377b1c48715f62cc93e168a8c5ae4be	346995	hotel-image-bulk/candidates/daiwaroynethotelkagoshimatenmonkanpremier/daiwaroynethotelkagoshimatenmonkanpremier_1.jpg
085704afbb872518e07c040cc4dc27482fa875c558595329cb1df40c672981a0	316135	hotel-image-bulk/candidates/daiwaroynethotelkagoshimatenmonkanpremier/daiwaroynethotelkagoshimatenmonkanpremier_2.jpg
ae7e6c097a558d8ab6d085751b822c5a7b497faf3f25e139f748a110fe3a3846	4454	hotel-image-bulk/candidates/daiwaroynethotelkagoshimatenmonkanpremier/daiwaroynethotelkagoshimatenmonkanpremier_image_manifest.json
249b6a60d7190630f03bd76020070e6636d70a025fcc8a5f2cb5834bf0c75bae	327307	hotel-image-bulk/candidates/dormyinnkagoshima/dormyinnkagoshima_1.jpg
971f87360d11e67ac904693551ffbb160498b6a6363eb6b352391cada0fcd1d0	298659	hotel-image-bulk/candidates/dormyinnkagoshima/dormyinnkagoshima_2.jpg
c4e26e9977f78f6b48ca2f6354f0c6fdb05df773e6414b319d3723b554331a4a	4060	hotel-image-bulk/candidates/dormyinnkagoshima/dormyinnkagoshima_image_manifest.json
c97e37b3e7d70e763b53e64dde82b0b1034e8dd48ad48a371444a80c27e661fb	310030	hotel-image-bulk/candidates/favhotelkagoshimachuo/favhotelkagoshimachuo_1.jpg
6763dfe8cc98e819f88844fca9a5be1698bdfebe4f06f14e0ec3456c2dee81f6	231774	hotel-image-bulk/candidates/favhotelkagoshimachuo/favhotelkagoshimachuo_2.jpg
75f2992ad5c3892011b4c65a23a621218d71ea2015ab3d498c23a6220d24fdeb	4005	hotel-image-bulk/candidates/favhotelkagoshimachuo/favhotelkagoshimachuo_image_manifest.json
eff1ef901d78e42362297433917d5a96a0c9457f15a057e3b2dfa29b7238cc66	337099	hotel-image-bulk/candidates/favluxkagoshimatenmonkan/favluxkagoshimatenmonkan_1.jpg
7f17ad73a2c8fdda1fe3344cbbf52712c1f51b1faa9d3a8829268311a8d91ddd	269092	hotel-image-bulk/candidates/favluxkagoshimatenmonkan/favluxkagoshimatenmonkan_2.jpg
444e01f544acd7f0777be4b2313cc598c0093c9fd6aabae179c2b8916522ab49	4080	hotel-image-bulk/candidates/favluxkagoshimatenmonkan/favluxkagoshimatenmonkan_image_manifest.json
847c7a26ec02b2d4ca0ec564c4b9f5b9c39b7b9d72b38a94fadcc1c5096d0cf5	346004	hotel-image-bulk/candidates/grandbasekagoshimachuo/grandbasekagoshimachuo_1.jpg
11d911f2daecb8ea7fc242a7b52958b6f483fc768825b0d911092a52e94912f6	244382	hotel-image-bulk/candidates/grandbasekagoshimachuo/grandbasekagoshimachuo_2.jpg
95256101cd03bafabfc12f93d1acba9a4a95f936149f2862158cef59a5e1926b	4072	hotel-image-bulk/candidates/grandbasekagoshimachuo/grandbasekagoshimachuo_image_manifest.json
f77dcb9497b964109d95d123053231d4a2968ede8f5f9173c6302e1c2a8bc0d7	345630	hotel-image-bulk/candidates/hennnahotelpremierkagoshimatenmonkan/hennnahotelpremierkagoshimatenmonkan_1.jpg
eaa35fab0cf883f0707437a4d2a1e40bb358cd657626ebf03bcea8d952e3789a	254912	hotel-image-bulk/candidates/hennnahotelpremierkagoshimatenmonkan/hennnahotelpremierkagoshimatenmonkan_2.jpg
a67fbb2a87101ff58f166b9f8ff276d3999082d267ea892b64e43ed15a3b2919	4333	hotel-image-bulk/candidates/hennnahotelpremierkagoshimatenmonkan/hennnahotelpremierkagoshimatenmonkan_image_manifest.json
f139a6082612af07695fec27ded0cfcef71dbcb73af297c53f15a3e840760ace	302731	hotel-image-bulk/candidates/hotelazkagoshimakiireten/hotelazkagoshimakiireten_1.jpg
99d83d0d04afd7e85b64d77a64637c43905597d8be1b729edb5d95a888bc9b57	278185	hotel-image-bulk/candidates/hotelazkagoshimakiireten/hotelazkagoshimakiireten_2.jpg
a0336a59bf17a49d340cd6cce52af8af2b3bb593857ffa9bd2fdf8b366308e7b	4090	hotel-image-bulk/candidates/hotelazkagoshimakiireten/hotelazkagoshimakiireten_image_manifest.json
8021547094b8ea2d82e262fa685b591d2b075c367e87ac16ae3a5463d57af241	266074	hotel-image-bulk/candidates/hotelcoconutsresortmarinakagoshima/hotelcoconutsresortmarinakagoshima_1.jpg
a2f964a07d0dcbee640457c9c1db687390e4b934dc77ca993b15ac096fcbf58c	226534	hotel-image-bulk/candidates/hotelcoconutsresortmarinakagoshima/hotelcoconutsresortmarinakagoshima_2.jpg
2ee4327699a6881313c8c764a326b2bd789f2a5268b79bebe1f5e2ee8e01dc8b	4340	hotel-image-bulk/candidates/hotelcoconutsresortmarinakagoshima/hotelcoconutsresortmarinakagoshima_image_manifest.json
2793aec50002f55cab94f5df8023b400084010af929b51b836a3e11108b05169	327362	hotel-image-bulk/candidates/hotelfukiageso/hotelfukiageso_1.jpg
b18b53beb7e81a8cbe0deb1e12fe70b29290d012dc0b58ad42c49fbab760ed47	243582	hotel-image-bulk/candidates/hotelfukiageso/hotelfukiageso_2.jpg
5b573471ba291ba3d9b004ef34230881d22defdd3d27aaedc222e8396c06aac6	3890	hotel-image-bulk/candidates/hotelfukiageso/hotelfukiageso_image_manifest.json
c27646c865d8a0379e457591598c6429bbe18d48fd3eb06342c186ce9ea1d6be	317641	hotel-image-bulk/candidates/hotelgasthof/hotelgasthof_1.jpg
c5335679336611b81cf23350bbc531fd53bbd8e0a4f41b988f3ca61c4ca0391c	313039	hotel-image-bulk/candidates/hotelgasthof/hotelgasthof_2.jpg
ff42d3add91390080e6d10074cc9aee5f6834df78e4b805a85ef5297aca5a4a5	3866	hotel-image-bulk/candidates/hotelgasthof/hotelgasthof_image_manifest.json
4158773b21996f272fc9b2fc4fa722c2c666d6babbd842110d029fd8b9640bdd	340543	hotel-image-bulk/candidates/hotelgateinkagoshima/hotelgateinkagoshima_1.jpg
127cde83f4e46963afb1784d7e6fb3cb5301b33bb46babf944103280b0873b2e	286875	hotel-image-bulk/candidates/hotelgateinkagoshima/hotelgateinkagoshima_2.jpg
2ffd4ddeae069a8b885541d6f62fb51e83506d039e8c8a2a7f998ffdb03cf308	4034	hotel-image-bulk/candidates/hotelgateinkagoshima/hotelgateinkagoshima_image_manifest.json
0b9fba9debd0f164a341e625421beeeb58429f2000af635031916c4b2ee82438	339315	hotel-image-bulk/candidates/hotelgrancerezo/hotelgrancerezo_1.jpg
b8ea4d7e736f46eeab2337427e523eb819dd3a44beb53d91ec4009d58048328e	323725	hotel-image-bulk/candidates/hotelgrancerezo/hotelgrancerezo_2.jpg
823660aa10f7c48b69893e57318daa2d0d9dd00b106b4d6d887e1bae0574d070	3998	hotel-image-bulk/candidates/hotelgrancerezo/hotelgrancerezo_image_manifest.json
e780d8825157c0e922a584f766c23613ef73abbb32154a90dc45333cf8183cff	327140	hotel-image-bulk/candidates/hotelhokkeclubkagoshima/hotelhokkeclubkagoshima_1.jpg
2234e5de38b0b58e1e0b738322260730a9caf7a1bf956c0d3fc94d23578abf49	269692	hotel-image-bulk/candidates/hotelhokkeclubkagoshima/hotelhokkeclubkagoshima_2.jpg
455888b871dbcedeca87f296b6bf6c1a7fe3a3dba5df715d417563adf25c15a5	4085	hotel-image-bulk/candidates/hotelhokkeclubkagoshima/hotelhokkeclubkagoshima_image_manifest.json
4863087e512277e3ee979f7ef9352a4bd3342a322e3f9096525f19416cb006bd	274465	hotel-image-bulk/candidates/hotelkagoshimahills/hotelkagoshimahills_1.jpg
e490fc5b3d6bd0e799d1a63cae0bd2d2af85f4146201ab02bb43aa841c4f96d9	202582	hotel-image-bulk/candidates/hotelkagoshimahills/hotelkagoshimahills_2.jpg
797caa8ec6e1d30db64c26ae1639c4d3b36b9750060d90ea782a43c1451016d2	4002	hotel-image-bulk/candidates/hotelkagoshimahills/hotelkagoshimahills_image_manifest.json
195da6edc7ec4e65a65cd9cb71290567ad7dc03307b3bff3240a0a986a29463e	338835	hotel-image-bulk/candidates/hotelkamoikeplaza/hotelkamoikeplaza_1.jpg
b70404ff03af56e776958be01c1fcac6c7ad5abfe81717cfc518bf3abbc9ed6e	237088	hotel-image-bulk/candidates/hotelkamoikeplaza/hotelkamoikeplaza_2.jpg
5aecebedbbad17fc68c2dceaae8fd8821a3cd68af7ea89ae7e7138dc281fd97e	3986	hotel-image-bulk/candidates/hotelkamoikeplaza/hotelkamoikeplaza_image_manifest.json
acbc0abf07c81eb78f06a3822d4da6ba33ba4df4932ddf0a774b92c156beedf7	311991	hotel-image-bulk/candidates/hotelkukita/hotelkukita_1.jpg
52e3b1106aaab6a5044d377fc05b4e5577da040bdc1d5366d7316cee3dab718c	291365	hotel-image-bulk/candidates/hotelkukita/hotelkukita_2.jpg
b7946f4fc374170903dab899e58d140f20a7c00b561ab5ecb631e5be19775f3a	3875	hotel-image-bulk/candidates/hotelkukita/hotelkukita_image_manifest.json
910dbd04374fdd3a3430f9b6a9dced4f1ff535ea9ff13ecfe0de19ef93eb8155	339746	hotel-image-bulk/candidates/hotellextonkagoshima/hotellextonkagoshima_1.jpg
07946d4d1cd6aeabfe04707fc3d32ddc2b1e645db19c33ea81914695d41a9bd0	267189	hotel-image-bulk/candidates/hotellextonkagoshima/hotellextonkagoshima_2.jpg
05c24e0d44d848b4ecf92d1a4d64ccf09417db648f31a4bd2a6477aba0bba3c7	4045	hotel-image-bulk/candidates/hotellextonkagoshima/hotellextonkagoshima_image_manifest.json
001b8afed6c91a575e26e781a939ef6288ec886671aaa6541bdd8dcdcdbbb332	331790	hotel-image-bulk/candidates/hotellextonkagoshimaannex/hotellextonkagoshimaannex_1.jpg
b447bbf75149ee53c9d1c2f9c8ffe72c18c3549cde7f75ffccc8eb853e632d5a	322785	hotel-image-bulk/candidates/hotellextonkagoshimaannex/hotellextonkagoshimaannex_2.jpg
329816793b4c1009a13d83996e31ee44e7de298988aaaeb0e09f2d03298adddc	4169	hotel-image-bulk/candidates/hotellextonkagoshimaannex/hotellextonkagoshimaannex_image_manifest.json
0f80444364e6611b059d2545dca26604e77b04f38b3bb304acb17e6ba2a8acd2	308672	hotel-image-bulk/candidates/hotellivemaxbudgetkagoshima/hotellivemaxbudgetkagoshima_1.jpg
5ebd7cd068f774f5a862aa080d4794946b60328b89db1d631f5b54b78de1a776	242931	hotel-image-bulk/candidates/hotellivemaxbudgetkagoshima/hotellivemaxbudgetkagoshima_2.jpg
409a1cb8bfd0ce36c7aa8fa0593ed75aca87d0aa1a526485ea5781df088f2129	4169	hotel-image-bulk/candidates/hotellivemaxbudgetkagoshima/hotellivemaxbudgetkagoshima_image_manifest.json
05e53477fd3d8e23e71aae495f24bfa4fb2bbd107d3652fb6fd16465bb653bca	308138	hotel-image-bulk/candidates/hotellivemaxbudgetkagoshimatenmonkan/hotellivemaxbudgetkagoshimatenmonkan_1.jpg
e7db9671886782e7d732f4bdf3b3264e232eace0216dda21b16d72f00dc09876	331838	hotel-image-bulk/candidates/hotellivemaxbudgetkagoshimatenmonkan/hotellivemaxbudgetkagoshimatenmonkan_2.jpg
a1abf308d164fa6684c47717abf9c984144faf5c0a3b4de947e825ea55572658	4341	hotel-image-bulk/candidates/hotellivemaxbudgetkagoshimatenmonkan/hotellivemaxbudgetkagoshimatenmonkan_image_manifest.json
82766365a54c6de7ef1b6d934cffc83a6f1f23223ed1b5b9275d34c570894044	304555	hotel-image-bulk/candidates/hotelmystayskagoshimatenmonkan/hotelmystayskagoshimatenmonkan_1.jpg
7a5634d7a885ba6292d6b2697da472bcd2b8bbf5536eae3d8a311a81f9f65dde	244602	hotel-image-bulk/candidates/hotelmystayskagoshimatenmonkan/hotelmystayskagoshimatenmonkan_2.jpg
8a573d868b2b031cfdb264719a85c44ac5d7ffd0ac2bf49cad9310186d90b704	4231	hotel-image-bulk/candidates/hotelmystayskagoshimatenmonkan/hotelmystayskagoshimatenmonkan_image_manifest.json
c341ea0fd2fcb49407a031c397cdf09141835aded96cc32531f981e92c9ac5fc	305398	hotel-image-bulk/candidates/hotelmystayskagoshimatenmonkanannex/hotelmystayskagoshimatenmonkanannex_1.jpg
ecddf82814bb4244116a9c4fea9b9db199e8e8827193d594ab71399acb165fb0	244943	hotel-image-bulk/candidates/hotelmystayskagoshimatenmonkanannex/hotelmystayskagoshimatenmonkanannex_2.jpg
a2f70fcc46bd9bbd6cdde677692a7d1d440891eceaab3bfe827f41ef595e685e	4329	hotel-image-bulk/candidates/hotelmystayskagoshimatenmonkanannex/hotelmystayskagoshimatenmonkanannex_image_manifest.json
f701a32b019fee846edd3e710e032e102965aefed90707bd386814ba4e754dc8	333695	hotel-image-bulk/candidates/hotelnewnishino/hotelnewnishino_1.jpg
f03ad2c8b9491c4ab62dec793c4ac663864de8e602517b6fd556e4fa9af326f1	315762	hotel-image-bulk/candidates/hotelnewnishino/hotelnewnishino_2.jpg
b500e4185bd7adb1af7046993a9eedfd7b3630f42ff1b1ea995994c07eeb6fd6	3934	hotel-image-bulk/candidates/hotelnewnishino/hotelnewnishino_image_manifest.json
fdd259216c6423b4956f63fe7d03666c35a064e4cec45ca4ec40b306b4f731ad	330047	hotel-image-bulk/candidates/hotelorientalexpresskagoshimatenmonkan/hotelorientalexpresskagoshimatenmonkan_1.jpg
46a8d465e54a207e20324884b92dd733057657e15b000e0ee6c7b15723db60a1	252929	hotel-image-bulk/candidates/hotelorientalexpresskagoshimatenmonkan/hotelorientalexpresskagoshimatenmonkan_2.jpg
b3b20fba7a6bba98fd1e7ae9fe831072b5944e81ac7726050f94921da0e28c94	4413	hotel-image-bulk/candidates/hotelorientalexpresskagoshimatenmonkan/hotelorientalexpresskagoshimatenmonkan_image_manifest.json
b269127fe3539ceb677b964df62305544f9ae2d89b6a0eeb31a73e0e3818dc4e	338631	hotel-image-bulk/candidates/hotelpalmstenmonkan/hotelpalmstenmonkan_1.jpg
8160619f063ad8c4ac03bb3af0f98f1342c40a92f6005474058b0358116129ce	259526	hotel-image-bulk/candidates/hotelpalmstenmonkan/hotelpalmstenmonkan_2.jpg
bcbbe87431010fa9835049124914dea64e0092fa41c16f460559acb909118aac	4002	hotel-image-bulk/candidates/hotelpalmstenmonkan/hotelpalmstenmonkan_image_manifest.json
e8d364320edc1d41e25e1be306cfc819a79cf939f9b1154225d7ad338f11a39c	312235	hotel-image-bulk/candidates/hotelparcs/hotelparcs_1.jpg
6faadd3eb0b59a07ced14b84b531732b20de51c11c913fd9cc43ce239bc283c0	236785	hotel-image-bulk/candidates/hotelparcs/hotelparcs_2.jpg
83940160044d4b546f2d3f6b3adde9587d3676e26882fcfc018bb991fc13b36f	3836	hotel-image-bulk/candidates/hotelparcs/hotelparcs_image_manifest.json
5e90631910548b0a1aa8128c69d24ec358c7747e8c246ed19aa9f0dd682a70b2	331940	hotel-image-bulk/candidates/hotelresidencenanshukan/hotelresidencenanshukan_1.jpg
062b78c08a13f9ab9ab7477df963653b4b89816208f1aa5b55a831b33790f9ac	264044	hotel-image-bulk/candidates/hotelresidencenanshukan/hotelresidencenanshukan_2.jpg
9a1362a70650505474d968446a3bdda664b8607ac1ef6263f579f58234723d3b	4061	hotel-image-bulk/candidates/hotelresidencenanshukan/hotelresidencenanshukan_image_manifest.json
6c0abdbbae14a411445e195c7d8bad648f200dd750f1f7f03c793c73a825c4dd	296994	hotel-image-bulk/candidates/hotelsantorini/hotelsantorini_1.jpg
a78accc98f485599bfae5dd849767269ef31e7f86ead28c4f20b097548902569	218142	hotel-image-bulk/candidates/hotelsantorini/hotelsantorini_2.jpg
c4fe50d983eeb93c1ca5a0af8153dfd9cb46de026b40975682d5906db3173937	3906	hotel-image-bulk/candidates/hotelsantorini/hotelsantorini_image_manifest.json
ae9732f3506a9b00de4721109a4f1d5c6d81dff1c3eae0b24f53b29fbcc3ec33	341483	hotel-image-bulk/candidates/hotelsera/hotelsera_1.jpg
a9044f8c68764aa03dc71254c7e9ce4739796a61bd977649a6cb4d88f8495ce7	288849	hotel-image-bulk/candidates/hotelsera/hotelsera_2.jpg
fe6a5860bb9d6caff1018c28759561e5e92082a9072cf8e12f2aeb68f091d682	3798	hotel-image-bulk/candidates/hotelsera/hotelsera_image_manifest.json
5fc6b74116c47771d7d39ce8f55b2c232af365bd5dde6ae52e80213efe91708a	333118	hotel-image-bulk/candidates/hotelsundayskagoshima/hotelsundayskagoshima_1.jpg
378cba487eb6b0a43a17744c18ca6dbcefc173a6e35c197f3decea9192e954d8	327701	hotel-image-bulk/candidates/hotelsundayskagoshima/hotelsundayskagoshima_2.jpg
7f30276a10c5254d3229bd4507aca59eadd56cc7ccf875b1124aa12a20b934ef	4051	hotel-image-bulk/candidates/hotelsundayskagoshima/hotelsundayskagoshima_image_manifest.json
47331f86d1fd85d72a47b9a33ccd882e185b82001bef0ff7678b320b41206a83	324738	hotel-image-bulk/candidates/hotelsunflexkagoshima/hotelsunflexkagoshima_1.jpg
56672e5dc101d0f26e57b359b9234777129fd9e1e849e587b37dd629aac93ed3	249185	hotel-image-bulk/candidates/hotelsunflexkagoshima/hotelsunflexkagoshima_2.jpg
ceeac1d60e139e97229e1905789d6d69fe108c5e815b64b64cf0bb3edd45f5fc	4069	hotel-image-bulk/candidates/hotelsunflexkagoshima/hotelsunflexkagoshima_image_manifest.json
41b0d7cff59813cf91a8534ec8702962c866fd4d9830abadb0cd6c3acf050ad4	329193	hotel-image-bulk/candidates/hoteltaisei/hoteltaisei_1.jpg
2b81e4066ae115fc5a4820ebf54bad252bd53c9a5a9fc6177045293f27833b71	242794	hotel-image-bulk/candidates/hoteltaisei/hoteltaisei_2.jpg
fb5a918462aed1fa5b63e50cddc8649aedb3a6b31f3a24f67193a2f45e6fbc21	3847	hotel-image-bulk/candidates/hoteltaisei/hoteltaisei_image_manifest.json
0b5db905476c315c2b242d68da40d084b7ecc9dad1be02d8e543889c5cd89b48	324717	hotel-image-bulk/candidates/hoteltaiseiannex/hoteltaiseiannex_1.jpg
741f10772f8ef7ac1b4b84d98f703b2c1d727a3560acbd31007fea5131b8ed85	332886	hotel-image-bulk/candidates/hoteltaiseiannex/hoteltaiseiannex_2.jpg
8ee0533ce2b8645b386460bc5abacecf3716549419e832950ff751566c4f4386	3976	hotel-image-bulk/candidates/hoteltaiseiannex/hoteltaiseiannex_image_manifest.json
3db42ccd5c51e24533c475b256265347fdce346d35853611e5dfe5181118417f	346474	hotel-image-bulk/candidates/hotelunion/hotelunion_1.jpg
80d6ef2a9d527985ffb115713e19fee27abed6cd5088f45f5c4554b5d95f5065	304915	hotel-image-bulk/candidates/hotelunion/hotelunion_2.jpg
37970670bf5425c9de122bf9b3aee6fb8cb23fe39acc72c4c7beeb035edfcb5a	3833	hotel-image-bulk/candidates/hotelunion/hotelunion_image_manifest.json
3ce1c3c81d4d7f6199e87e2705fbe27cf6dea91f1cc2e84c9bea97aa49181dbc	335223	hotel-image-bulk/candidates/hotelurbickagoshima/hotelurbickagoshima_1.jpg
b46bb071907e4d1f63392c4d598c8e447d3d2442ab18683fffc2bad6e89b10be	237393	hotel-image-bulk/candidates/hotelurbickagoshima/hotelurbickagoshima_2.jpg
1da57af18375f05a5dabd5eb1245e0ba0967a474ec0998d9bf0da88a638d1862	4024	hotel-image-bulk/candidates/hotelurbickagoshima/hotelurbickagoshima_image_manifest.json
4227ac27f54e1af6364715ced7034981c2b20c64773cca97357dea6730af4233	222601	hotel-image-bulk/candidates/hotelwatergatekagoshima/hotelwatergatekagoshima_1.jpg
95ab5862659b2cf8f716dab27de32a8872244922afdb36e3e54c4c325d532d2c	164126	hotel-image-bulk/candidates/hotelwatergatekagoshima/hotelwatergatekagoshima_2.jpg
2934d150ef262101726799b181cebd2c8278048305fe88aadf631c32a9d12941	4104	hotel-image-bulk/candidates/hotelwatergatekagoshima/hotelwatergatekagoshima_image_manifest.json
fae62dcf1f9e566112acd847fcb7fae40b81d9d8e92137f3b15b74ffdec56978	227383	hotel-image-bulk/candidates/hotelwelviewkagoshima/hotelwelviewkagoshima_1.jpg
7394b10b7113db0a948464874f8bf2498a3cc35f3f08ad70c18ad6601eed6897	166884	hotel-image-bulk/candidates/hotelwelviewkagoshima/hotelwelviewkagoshima_2.jpg
939a395af2e8231cec1a8397a61c358f83e2bc2c291ccdf8350c3bf0f3be4da4	4068	hotel-image-bulk/candidates/hotelwelviewkagoshima/hotelwelviewkagoshima_image_manifest.json
53192c7bf258dffb33a5444f119dcb9a86906a45277499c435a222ea44a776fc	334073	hotel-image-bulk/candidates/jrkyushuhotelkagoshima/jrkyushuhotelkagoshima_1.jpg
b878255e83b15cd74c49704f8090666c0bbcec18cd0b96056bc7bb070b9a230b	295122	hotel-image-bulk/candidates/jrkyushuhotelkagoshima/jrkyushuhotelkagoshima_2.jpg
570844c584214c0e2a84f503a3c6f62ae6dc6e048905715dd5703b31dffcf6c3	4052	hotel-image-bulk/candidates/jrkyushuhotelkagoshima/jrkyushuhotelkagoshima_image_manifest.json
0e6f4b91b5e7bbbb9a0318b774eead84761348a2afb98fa5700e306617cb278a	289455	hotel-image-bulk/candidates/kagoshimaaine/kagoshimaaine_1.jpg
553ac8225045efee0f8d239aea29b145eaae0eaf794867b4ed9b62abaa12cf77	214330	hotel-image-bulk/candidates/kagoshimaaine/kagoshimaaine_2.jpg
bf0cbc25492f7171d5f24b9864535e8385dc0d1276e5e7d91b093eaf160882f7	3872	hotel-image-bulk/candidates/kagoshimaaine/kagoshimaaine_image_manifest.json
9b57a3ae026577118820440402fc3ca874f49d6c15f5a166a3f95042ade4df92	268495	hotel-image-bulk/candidates/kagoshimadaiichihotelkamoike/kagoshimadaiichihotelkamoike_1.jpg
ee991bb56b59b5eb8fa2dc6d189016c851b9fd24ddf419b7c7e6f52924c54fe3	200117	hotel-image-bulk/candidates/kagoshimadaiichihotelkamoike/kagoshimadaiichihotelkamoike_2.jpg
c7f6759f9f82c689ff38ac2b6666f5fa3520e4a53be6b7428176986defdee067	4170	hotel-image-bulk/candidates/kagoshimadaiichihotelkamoike/kagoshimadaiichihotelkamoike_image_manifest.json
74bc490eff0f5cd16394241638cb8bebe81b47c1fd39ccc7b78747e8d477f752	310169	hotel-image-bulk/candidates/kagoshimadaiichihotelkishaba/kagoshimadaiichihotelkishaba_1.jpg
545f8999f6ed95e6f6885f84aac24d33178335135316795089a83d7126972617	218341	hotel-image-bulk/candidates/kagoshimadaiichihotelkishaba/kagoshimadaiichihotelkishaba_2.jpg
ebef4f4401f155dc3b6a7be667689657ee052a9c07fe7f0bbf34f5863aadcb1e	4188	hotel-image-bulk/candidates/kagoshimadaiichihotelkishaba/kagoshimadaiichihotelkishaba_image_manifest.json
62c8ef2d29e067a0a02cab6d3e4928d09c793f1a5784206be730394d46bd8b38	334416	hotel-image-bulk/candidates/kagoshimaplazahoteltenmonkan/kagoshimaplazahoteltenmonkan_1.jpg
8d2589a31a0310ec318475e5e180091cf0637db89ee5c84ebbc4a4ea93659d23	268424	hotel-image-bulk/candidates/kagoshimaplazahoteltenmonkan/kagoshimaplazahoteltenmonkan_2.jpg
44f03578f19191b934e260cb873e2e6e53d27c442a9ce2ea4d7700593cdaa446	4180	hotel-image-bulk/candidates/kagoshimaplazahoteltenmonkan/kagoshimaplazahoteltenmonkan_image_manifest.json
52f10c9936a18083768585afc1572ea49cd215081a0463a462c99d417f46cb97	280499	hotel-image-bulk/candidates/kagoshimasunroyalhotel/kagoshimasunroyalhotel_1.jpg
22c3dcbff2cdc989cc2e4670cc4688e9d0cf529478780d4b4441acdb29760a6a	227832	hotel-image-bulk/candidates/kagoshimasunroyalhotel/kagoshimasunroyalhotel_2.jpg
410937b88f29663551ccc5e656bcd4276960aaa5795477067f1210ac87cbf9cf	4076	hotel-image-bulk/candidates/kagoshimasunroyalhotel/kagoshimasunroyalhotel_image_manifest.json
be1b5b439a5b8303c4398cc281a442a15a78fb271a101b1005306526f541cc02	340548	hotel-image-bulk/candidates/kisyabahotel/kisyabahotel_1.jpg
4d50c1442fc83aaf85d558d8462131248dd52b1bacd0af95a2ead6eaad1fdf6a	250448	hotel-image-bulk/candidates/kisyabahotel/kisyabahotel_2.jpg
10d0a57ee85da021c1b8de4c2fd42675e28cb4dffbbbc58a40e81a8b76e629aa	3865	hotel-image-bulk/candidates/kisyabahotel/kisyabahotel_image_manifest.json
3bc210ee43ff63d4bbf17ad85898f7e3138dae087b87a480552f6b4eb7820564	320619	hotel-image-bulk/candidates/kokohotelkagoshimatenmonkan/kokohotelkagoshimatenmonkan_1.jpg
76beb071e1577725c628eda23546120fc89a849743be2995bddd3a204105d04c	327137	hotel-image-bulk/candidates/kokohotelkagoshimatenmonkan/kokohotelkagoshimatenmonkan_2.jpg
ae03d9940aeaf7ea6284ba41176dfb2f60b823fa62d7777e75c74e16a35a368a	4137	hotel-image-bulk/candidates/kokohotelkagoshimatenmonkan/kokohotelkagoshimatenmonkan_image_manifest.json
33a3128911cc9c03573575cc22b767959ffc61afc16288831e8afecb2863f8fb	217879	hotel-image-bulk/candidates/marinepalacekagoshima/marinepalacekagoshima_1.jpg
0f9a377188df1d084ae12e93f79f81d445fa8baf4b7776768dc7ba9735f387d0	202286	hotel-image-bulk/candidates/marinepalacekagoshima/marinepalacekagoshima_2.jpg
affd5c7469c48db5b4f1ee0480f8ed431820912583f14db6409a3ddcea9729be	4049	hotel-image-bulk/candidates/marinepalacekagoshima/marinepalacekagoshima_image_manifest.json
90bb8f943ff923e68b874d20c01719edd3077b2f546176a58beb2520a6a35127	319842	hotel-image-bulk/candidates/naturalhotspringhoteljichikaikan/naturalhotspringhoteljichikaikan_1.jpg
3baca55b8d5f056de732af83e31602c24a0de024775aebcfad4b5d6543811b8e	268677	hotel-image-bulk/candidates/naturalhotspringhoteljichikaikan/naturalhotspringhoteljichikaikan_2.jpg
c22939b00f7644a9517b4bbd8e9493874eae429c060d35e75009249cd304eb44	4313	hotel-image-bulk/candidates/naturalhotspringhoteljichikaikan/naturalhotspringhoteljichikaikan_image_manifest.json
f73c651acbc8586ac3329a27c9a83ee608ceb7bd195366dacd546d2559373f89	349252	hotel-image-bulk/candidates/quintessahotelkagoshimatenmonkanrelaxsleep/quintessahotelkagoshimatenmonkanrelaxsleep_1.jpg
818afedd094f8a3660a8e9c9c4a555ecaa9a07fcf099addab485f2c616c26509	271832	hotel-image-bulk/candidates/quintessahotelkagoshimatenmonkanrelaxsleep/quintessahotelkagoshimatenmonkanrelaxsleep_2.jpg
c441f4208d7eb4c989984db4b1880b8b77006c14f99087e79468659f8bfdb3af	4457	hotel-image-bulk/candidates/quintessahotelkagoshimatenmonkanrelaxsleep/quintessahotelkagoshimatenmonkanrelaxsleep_image_manifest.json
f2df38eec34089bcd854687a8f9fe7cb126a7bc09d002fbe2005cb1e9d68f467	342970	hotel-image-bulk/candidates/remmkagoshima/remmkagoshima_1.jpg
a9206a76a5a6cfc84c604f0d3f6bd800a12d6ad2c1205f4650d8cb1fa7cd61f6	248441	hotel-image-bulk/candidates/remmkagoshima/remmkagoshima_2.jpg
468dcf28d9900ef78c6ca7214f6ab3f8646c199a132b6f21608c9150e9f404fb	3879	hotel-image-bulk/candidates/remmkagoshima/remmkagoshima_image_manifest.json
6e312d9c80f95d64f120a485aa9acd5def8da4376a49f7e1ac024f553b8d1e43	338729	hotel-image-bulk/candidates/richmondhotelkagoshimakinseicho/richmondhotelkagoshimakinseicho_1.jpg
90957bacea6f0573deb5ae755ae96751a84b468ebb098af0ae079d0bcf693bd8	248857	hotel-image-bulk/candidates/richmondhotelkagoshimakinseicho/richmondhotelkagoshimakinseicho_2.jpg
e337e09cfb512eda0c0b5744c4560c4ca6258014247bd06aa1e0da31bd248f9a	4240	hotel-image-bulk/candidates/richmondhotelkagoshimakinseicho/richmondhotelkagoshimakinseicho_image_manifest.json
15f2813db06378de47098e2c6552f6860ea618f9ae3c575bef77b90367dc4c09	348329	hotel-image-bulk/candidates/richmondhotelkagoshimatenmonkan/richmondhotelkagoshimatenmonkan_1.jpg
e837ac7857b65211958a01f4115ca11ea58dbb9081570f4fd423c58decc3dabb	335719	hotel-image-bulk/candidates/richmondhotelkagoshimatenmonkan/richmondhotelkagoshimatenmonkan_2.jpg
7821f39e75aef2d4c222ff3c3415598e2064fc64d3ad604fd157bd9985d97e29	4244	hotel-image-bulk/candidates/richmondhotelkagoshimatenmonkan/richmondhotelkagoshimatenmonkan_image_manifest.json
b3fa88bd88623f9bde4f698112eba81c62446cc8729cb0f2c2a8b57d9213316b	322682	hotel-image-bulk/candidates/sheratonkagoshima/sheratonkagoshima_1.jpg
361ce1a9bd707c197d5335e21eef878c02db1d1b98976efac59257c755825c8c	227014	hotel-image-bulk/candidates/sheratonkagoshima/sheratonkagoshima_2.jpg
7661889472110f847b5c89831d5ca2daef950597c31c61d5833875472b4fead4	3956	hotel-image-bulk/candidates/sheratonkagoshima/sheratonkagoshima_image_manifest.json
2632fe2b4ec94869a7584e6b2a0a2d91f8996b11a1086100143a4cb982e29421	298766	hotel-image-bulk/candidates/shiroyamahotelkagoshima/shiroyamahotelkagoshima_1.jpg
1106ee959d4699f587f60bbf5d21d58e52fb9560e86c1bcc241a10c0b40ec8c1	304211	hotel-image-bulk/candidates/shiroyamahotelkagoshima/shiroyamahotelkagoshima_2.jpg
96bcba350b870d66ec9b05a245c9e2d19e5799244ec5152c3a98d8fabaaaccc0	4086	hotel-image-bulk/candidates/shiroyamahotelkagoshima/shiroyamahotelkagoshima_image_manifest.json
d2b6f040869d7e997a437de668bc36b5a7d7c6eb0e0b23ad9fc180fd408bf632	337377	hotel-image-bulk/candidates/silkinnkagoshima/silkinnkagoshima_1.jpg
b6458cb745df99f7554f4c3aa6b06b001835ce6b7cbade7a256d5852a75d6e2f	260523	hotel-image-bulk/candidates/silkinnkagoshima/silkinnkagoshima_2.jpg
aafa4801e05ca08b6077babadf8578c199dadea9dde7fb2d6401ed099fbe0c70	3947	hotel-image-bulk/candidates/silkinnkagoshima/silkinnkagoshima_image_manifest.json
35b9abf7741e479bc06e16ba681be9eea4f317ca48327d6e7a3437e47f717534	331159	hotel-image-bulk/candidates/solarianishitetsuhotelkagoshima/solarianishitetsuhotelkagoshima_1.jpg
7bb15af8e7e4cdaa7efcb5b5b1ce091a4582a4aae3d98cbe1e434f20f82d4eef	239593	hotel-image-bulk/candidates/solarianishitetsuhotelkagoshima/solarianishitetsuhotelkagoshima_2.jpg
dd9bffa43a835166e0899498301c33fd831ea70b98b804df719c72d86e5bfd3e	4225	hotel-image-bulk/candidates/solarianishitetsuhotelkagoshima/solarianishitetsuhotelkagoshima_image_manifest.json
0dc62c3d3c239e875e174bd1b8371079651fe8d3d07d80390a2d1b116e110b61	309162	hotel-image-bulk/candidates/toyokoinnkagoshimachuoekihigashiguchi/toyokoinnkagoshimachuoekihigashiguchi_1.jpg
f67aacde5d355d556718be453bacf5868c99d378762a2a2ce73b6ab3c16ceac7	215406	hotel-image-bulk/candidates/toyokoinnkagoshimachuoekihigashiguchi/toyokoinnkagoshimachuoekihigashiguchi_2.jpg
66a912b0811d63245973eef8636cc99c8257d28045e11d2029de7af5c6023e34	4307	hotel-image-bulk/candidates/toyokoinnkagoshimachuoekihigashiguchi/toyokoinnkagoshimachuoekihigashiguchi_image_manifest.json
240d271dcef4e7b4a986c365efcf5ca91542f2bb395957bf4111ce69e2394ecb	335799	hotel-image-bulk/candidates/toyokoinnkagoshimachuostationnishi/toyokoinnkagoshimachuostationnishi_1.jpg
ce3586870b3c05b95c626c3a646191b5e6219f0cb74e5fc134fd80f2ece77e8a	332590	hotel-image-bulk/candidates/toyokoinnkagoshimachuostationnishi/toyokoinnkagoshimachuostationnishi_2.jpg
b2c2ae21bc9d1532cfc2e2f30dcff3848d0b0aaa81a90360703ae9af54ae94d4	4258	hotel-image-bulk/candidates/toyokoinnkagoshimachuostationnishi/toyokoinnkagoshimachuostationnishi_image_manifest.json
4ce04aa819f860165907ff5818675f1ea01c2d05f084f69e59bf206c3813afca	332377	hotel-image-bulk/candidates/toyokoinnkagoshimatemmonkanno1/toyokoinnkagoshimatemmonkanno1_1.jpg
0bee65c9960be4185185dd526e832b7c55d80246ab2e662766147fcf86161893	340966	hotel-image-bulk/candidates/toyokoinnkagoshimatemmonkanno1/toyokoinnkagoshimatemmonkanno1_2.jpg
98a9c42814983728a4b7f5655aad220a4e61ec9b2f4d64d797f7275e8108b081	4181	hotel-image-bulk/candidates/toyokoinnkagoshimatemmonkanno1/toyokoinnkagoshimatemmonkanno1_image_manifest.json
a5f70e60eb59d8417446cb5ce8c26250e4ded9d6abc895a23d2992f4598dd135	334843	hotel-image-bulk/candidates/toyokoinnkagoshimatemmonkanno2/toyokoinnkagoshimatemmonkanno2_1.jpg
fa27e7228994f44bb086e7717367ca62ea2689c8f8b2ceae0adf90e59d6e640a	271614	hotel-image-bulk/candidates/toyokoinnkagoshimatemmonkanno2/toyokoinnkagoshimatemmonkanno2_2.jpg
1492f56bce6c865334e2194254fea7cd20ea73c9b0b2bbaf89b2c9ef3ef98f6a	4183	hotel-image-bulk/candidates/toyokoinnkagoshimatemmonkanno2/toyokoinnkagoshimatemmonkanno2_image_manifest.json
63ff9bcbe73816212edcc9894db1cf833073ddedfa4c175a8de2732429e4373d	337743	hotel-image-bulk/candidates/youstylehotelmarine/youstylehotelmarine_1.jpg
fece1e2401012635aed13d815ae3a3b1cdd8ac60281a66959a396dec0c22e41a	342106	hotel-image-bulk/candidates/youstylehotelmarine/youstylehotelmarine_2.jpg
db42b194322b1de1adf498360003d3d5226b452c8277a4ec866302a44b3bf541	4000	hotel-image-bulk/candidates/youstylehotelmarine/youstylehotelmarine_image_manifest.json
284cfc48fa3ee3d325862461cfc0ee23032238dfb40d60443030ad06bd6b2531	335348	hotel-image-bulk/candidates/youstylehotelmate/youstylehotelmate_1.jpg
470b910dabb314445ee9653b215d0fc5f679651d43a47d0ecf39a6ad04d2fd23	349374	hotel-image-bulk/candidates/youstylehotelmate/youstylehotelmate_2.jpg
58725fd7a13fe78e3a019baf30e4366042a47537fda010ad158f0d7aa56d89ce	3931	hotel-image-bulk/candidates/youstylehotelmate/youstylehotelmate_image_manifest.json
d5235509894165641baaba24e2677e8ce91e10d7d547fa1fb6607f3db7b66bbb	87295	hotel-image-bulk/capture_records.json
4bea13c9e5ebf9c9e75badb2b98f1f1e12f5f0772d7f6426df0301cae9167427	791791	hotel-image-bulk/contact-sheets/earth_01.jpg
f1c455b5b4abc5d7b560e58e6508128b924f48f768b1e8e600eec4f840aa2e43	747134	hotel-image-bulk/contact-sheets/earth_02.jpg
2cf5a7f393436071b8069945381b1034e02da890474ab69717b2fed81b4e31bf	792352	hotel-image-bulk/contact-sheets/earth_03.jpg
63827c94bd022fde5428d54ba8a8447b037f98c8ff341c31c4a73068564f1a7a	758462	hotel-image-bulk/contact-sheets/earth_04.jpg
f87fa33e2004689457e59c7ca4fff3b8299dff3915880a494d1f4630bba71b07	768664	hotel-image-bulk/contact-sheets/earth_05.jpg
1fb5ea458bf2ecf4925da3ad05b170d5b51bee0874ca2ed06d289745d92bbbca	792949	hotel-image-bulk/contact-sheets/earth_06.jpg
18ab920b2ef7bbbe5611d27b1c069f6a7b0cc4d160cf71af9a9fc8bb60b0eb64	763117	hotel-image-bulk/contact-sheets/earth_07.jpg
27a8df12e18ab705adc8de6f5b28b1f31629193ae5536e42ac6445fef8c0538f	523162	hotel-image-bulk/contact-sheets/earth_08.jpg
9180ff69bcf5228ec647b8e4c00daf6c62cf75870573b958381c4960ca6e02e4	769732	hotel-image-bulk/contact-sheets/maps_01.jpg
8627cdb0f12b7cb46f3f20f304af5409541d4553166efd2c9828e0a50959b5f3	689756	hotel-image-bulk/contact-sheets/maps_02.jpg
663e2d3254602f736e9be30053441d51ecf0198c552cf7cb473c6c65bd7e98bc	702519	hotel-image-bulk/contact-sheets/maps_03.jpg
334b2557fd5c515250e8f7373e20ee91855d6780637bb74b408dbdb4607136a8	681571	hotel-image-bulk/contact-sheets/maps_04.jpg
17dc63290fa20cf8bdc62593c0cebafa0bf68e66c949e56bf68dc76ba3d69efd	718597	hotel-image-bulk/contact-sheets/maps_05.jpg
3e71277b88d217785c924c3d9111ac346c8d81154dc37397251123b9a8183700	728499	hotel-image-bulk/contact-sheets/maps_06.jpg
644ffb8922a07b97283adf6e9d012d5d21a03f618fe7a0a4e128965b7d1d52b9	700693	hotel-image-bulk/contact-sheets/maps_07.jpg
0ea47ed0c711cf742a67f751e5a2308239785a4b8226e127fc18ba9aef73fdb5	482764	hotel-image-bulk/contact-sheets/maps_08.jpg
b33a09408ab42fa2d2dec9159bfcd358aff4bf4e306399e49ebd300f23e9524e	17826	hotel-image-bulk/coordinate_maps_records.json
d5c8d925ab96eabde3a6a2174d4f197f20d26d212057a58eb34649d0d1edd93f	12370	hotel-image-bulk/earth2d_records.json
ee0eb82786220969009371ec6aca99323b45a8448e72a4960068f8c3b4eb1ec1	16410	hotel-image-bulk/final_maps_records.json
382eee457a13a6963a3e4c458ff74016a155d8bd170a2128dc547f55518ed0b9	295244	hotel-image-bulk/sources/aquagardenhotelfukumaru_earth.jpg
c9b53badbaac39896a7542a6c30f970f014fa1c1fb14ee73684ba2e60c0f87dc	263750	hotel-image-bulk/sources/aquagardenhotelfukumaru_earth_evidence.jpg
4b0275f3053fba9ef76851c665b696233ec3204d978ad4230cba227789e53306	237776	hotel-image-bulk/sources/aquagardenhotelfukumaru_maps.jpg
e13de2f1198ea8e63f1b688ddc6361ee19daa8275f639df528170d095f6c9529	287650	hotel-image-bulk/sources/aquagardenhotelfukumaru_maps_coordinate_evidence.jpg
ab48d2475676e9f21b4da62b7a92546ad6cfda1cc69e1af954259dcf31fe04c5	258603	hotel-image-bulk/sources/aquagardenhotelfukumaru_maps_evidence.jpg
1decd8035575b26c4eb7a01076659ca5784eb4b9b889b1a0db61c4a492e854af	255935	hotel-image-bulk/sources/aquagardenhotelfukumaru_maps_final_evidence.jpg
e1061180dab708838cdb5680430096e3dd8d4bfbe5f63f427306d772cd780f3b	215380	hotel-image-bulk/sources/arthotelkagoshima_earth.jpg
f39e675dcbbb15f81dac233a8b1f09aaa2a17f29b04b70e73ff99fb7593a9e51	211768	hotel-image-bulk/sources/arthotelkagoshima_earth_evidence.jpg
604d3f4e2c38e6b878028ebe7e00529fc08cc25c395400b78638ffca92731e88	208999	hotel-image-bulk/sources/arthotelkagoshima_maps.jpg
13ea27d40ec7f91db1a387f4c859e07a5fd27a3db469b20038ae3644ea5197c8	205652	hotel-image-bulk/sources/arthotelkagoshima_maps_coordinate_evidence.jpg
202ddd43ccfb4c660b6db66b53b4be02e176238c492575d220a80c21c71dd578	181111	hotel-image-bulk/sources/arthotelkagoshima_maps_evidence.jpg
e1221c35d0f570679ff72b1355cf464e2f49bbbf898ce0967c7f0bbb00222ce7	178313	hotel-image-bulk/sources/arthotelkagoshima_maps_final_evidence.jpg
6bbef3eff7460b1dbd75f7cc7c9a5e344ff60d713b8681f3e6c6702a14c1e871	291561	hotel-image-bulk/sources/bbparkhotelkagoshimaannex_earth.jpg
9b1154336ddcb77c7f8c3d2b8f4bd152097c4623541cce84415ae2ed2e8a4420	161952	hotel-image-bulk/sources/bbparkhotelkagoshimaannex_earth_evidence.jpg
fae4abf66de71bfbbc1f8c7b79dda72b546c1bcc1824614acdabb1fb19135245	240557	hotel-image-bulk/sources/bbparkhotelkagoshimaannex_maps.jpg
8229e5b1854fcfa4ca1f60c7601ca2f42e8695ec2d5997e181b87a7e8a8247c7	306843	hotel-image-bulk/sources/bbparkhotelkagoshimaannex_maps_coordinate_evidence.jpg
8c583c802476ba130e4f54b59998e14f5cd068ec18ddcb0b907a9b442b26e953	281077	hotel-image-bulk/sources/bbparkhotelkagoshimaannex_maps_evidence.jpg
fe6a193ab93e86db09590941edd8845424623de48fce84ea882916054eb55122	304157	hotel-image-bulk/sources/bbparkhotelkagoshimaannex_maps_final_evidence.jpg
72d1f6f30e43c1ba0c1ded8ddd1b0628f7a02708d2e2915da55546a34898b24b	313250	hotel-image-bulk/sources/businesshotelatelier_earth.jpg
1a84e8c4d5985cec2464b908590c0eb7a01e84c5b8f4672a55e7082540a634ca	158866	hotel-image-bulk/sources/businesshotelatelier_earth_evidence.jpg
d592094106792cc4b8d9dbb02becfee52e915a1bfa4d5e47dac6c6e265e043bb	250083	hotel-image-bulk/sources/businesshotelatelier_maps.jpg
c50821cea3571e9db4c38c31f755ae85d2a5d3fa9f252174ebf11baff0933996	315354	hotel-image-bulk/sources/businesshotelatelier_maps_coordinate_evidence.jpg
72ea88434aeeea0aad96ce7763c96d471a0ff14d1abdbcf279bb046d5ccf3474	302972	hotel-image-bulk/sources/businesshotelatelier_maps_evidence.jpg
5aba0e865f46a59591b9341942b391da19fc4a44b011fcfabc3d1581348f2419	303496	hotel-image-bulk/sources/businesshotelatelier_maps_final_evidence.jpg
bd3be076990813270f7c2841ded1d447a0ea47657061a7bef47e593833eb9c51	310231	hotel-image-bulk/sources/businesshotelorientalizuro_earth.jpg
6d0cf07ef79360536a8b5eef7797bcc9470c69d3d3348f8d0c5f428801b68ac2	156557	hotel-image-bulk/sources/businesshotelorientalizuro_earth_evidence.jpg
1e917d7e476d1d3aa051ecc292ee2c1b81fd3663395292509ec2711528c11d4d	258588	hotel-image-bulk/sources/businesshotelorientalizuro_maps.jpg
75c6b9afb538c5c48b57e80ecaacb618f83c6af28fcbbfd2da208c4068e00478	308204	hotel-image-bulk/sources/businesshotelorientalizuro_maps_coordinate_evidence.jpg
97a081631c9a5ad2a3893e8e1f8a6c5a12d321c1f39cc41f2f1e942f74ecc875	291514	hotel-image-bulk/sources/businesshotelorientalizuro_maps_evidence.jpg
b55e4ea20ac8e5d60912e53c5a7b299db42903c76e131d6a9ad9add9f1e73f22	289758	hotel-image-bulk/sources/businesshotelorientalizuro_maps_final_evidence.jpg
7806ed605e6e732ad554a682e1853376e75e46cfc01f6fe5492fedc94de96b2e	312982	hotel-image-bulk/sources/businesshoteltenmonkan_earth.jpg
3d06cbc36f01594505c15e2a22d80f9d04b8d12a48217e73e9f13e8b5864ac44	283164	hotel-image-bulk/sources/businesshoteltenmonkan_earth_evidence.jpg
33531e646f98ab017bf33609a2d4530b505d280820ec9392360d13649163d06b	254040	hotel-image-bulk/sources/businesshoteltenmonkan_maps.jpg
9b66ada28c382eca708a5b489bc1664e4d55a5e9c38d4c0278f0d93d6d2c8c46	314677	hotel-image-bulk/sources/businesshoteltenmonkan_maps_coordinate_evidence.jpg
4d7e6a658b78f047281e35a9947aefaef562c32c20458d768362e3a5dfb0365f	281216	hotel-image-bulk/sources/businesshoteltenmonkan_maps_evidence.jpg
9bc2761c98df4bd951d1345d0270cf2cd4160ef875cb1c799640e165b044bc1e	283371	hotel-image-bulk/sources/businesshoteltenmonkan_maps_final_evidence.jpg
226891945394615756c215d8a544a45e3f33bc8a7ca741427c3c0be6f8a82de1	345591	hotel-image-bulk/sources/cococlass_earth.jpg
9cdaa4b3fa6cdd4146754ced9692816ae612d4aad04d5e982fa5fa0b47e2c6ac	343387	hotel-image-bulk/sources/cococlass_earth2d.jpg
27f76bd791aae9399d4368eb2451aeba5a137c8241315defb9fad239b1d158d5	274799	hotel-image-bulk/sources/cococlass_earth2d_evidence.jpg
34baa6ea3f053a41c00ec69e5026462ea5adf606b1ed967fc64a39d77061e064	294555	hotel-image-bulk/sources/cococlass_maps.jpg
8ce9dc8bebe195dcda972aa613e1cfa95f5bdf03ad544a1fd8cbf25c55606c3c	305460	hotel-image-bulk/sources/cococlass_maps_coordinate_evidence.jpg
a88382b7d6351ea1df9e3a01dca845b3c4009a1b2e300af6994db592224f0157	294835	hotel-image-bulk/sources/cococlass_maps_final_evidence.jpg
93983542dbf6b9254fdbdd958ee740764d8973b36bbe509cc0edd56738aa549d	244138	hotel-image-bulk/sources/comfortinnkagoshimataniyama_earth.jpg
a0fe23d0ef9e8323d41c0a1d725098b7ad0620e72f1c14682a3b0fb885273d59	160852	hotel-image-bulk/sources/comfortinnkagoshimataniyama_earth_evidence.jpg
511c29d052833bd0ee1e319618f8ffd6562a786b14e54cd829369d0da1999701	258312	hotel-image-bulk/sources/comfortinnkagoshimataniyama_maps.jpg
099ce8c3844400c745da86f02a96b316660af77d61e0061a348557a2ad046a59	255865	hotel-image-bulk/sources/comfortinnkagoshimataniyama_maps_coordinate_evidence.jpg
3a49d4c074afd6b0b9f65527def139ded22220a974080ba06d0142ff818a2795	238194	hotel-image-bulk/sources/comfortinnkagoshimataniyama_maps_evidence.jpg
ffea7cb2cf9e43d247e69559208c28ccf7fce172919d6a8ecc7d82a1d98eef4b	240185	hotel-image-bulk/sources/comfortinnkagoshimataniyama_maps_final_evidence.jpg
76b2f099d56718d1529117b8a626a344da2b0608505a748e6a1c3ff9963d511a	315660	hotel-image-bulk/sources/daiwaroynethotelkagoshimatenmonkanpremier_earth.jpg
22762e645a76d65d7c623058867b653cdbcbf28da1bae98b790bb37a6176f048	160003	hotel-image-bulk/sources/daiwaroynethotelkagoshimatenmonkanpremier_earth_evidence.jpg
b001b5e04090e5283fc2b6bdd7c4036612395b64fb3c5da21678417c0fd28951	314468	hotel-image-bulk/sources/daiwaroynethotelkagoshimatenmonkanpremier_maps.jpg
9936e5f2f6d1ba6bf2e41889cc64e44c7bb20fffda14eaf57f909402d64570ad	334825	hotel-image-bulk/sources/daiwaroynethotelkagoshimatenmonkanpremier_maps_coordinate_evidence.jpg
a1d20fc8d3358eace784406b30e2b035486bfdfb80d13c4fcf6bd242088a7ae9	320808	hotel-image-bulk/sources/daiwaroynethotelkagoshimatenmonkanpremier_maps_evidence.jpg
51354a8856d74a3cfc5fed044e43346527fb9a1a1f2df3eae85f78010d33d180	315831	hotel-image-bulk/sources/daiwaroynethotelkagoshimatenmonkanpremier_maps_final_evidence.jpg
91ad349e5e9349055d2db6939392f67b83e7bf1fe48bb641860ddcfc1725ffba	299836	hotel-image-bulk/sources/dormyinnkagoshima_earth.jpg
26d554577a5ef5be00652cb9f5e17ca87c8af0097b975e42fa1948bf51b7dd28	161617	hotel-image-bulk/sources/dormyinnkagoshima_earth_evidence.jpg
95b8a30d66175bf7644cc06222ae54fc6a9dec326181c1f31b5116caefc24753	293686	hotel-image-bulk/sources/dormyinnkagoshima_maps.jpg
8c3c936074178d02b051cd4be19141b80ad82e1addeed087babe923eb6088d59	305111	hotel-image-bulk/sources/dormyinnkagoshima_maps_coordinate_evidence.jpg
7cdf9da4d1cee0a1bedb22731f81f97f8de10539b000f228c57306235a70d44e	308532	hotel-image-bulk/sources/dormyinnkagoshima_maps_evidence.jpg
6cae465aa5d0804263c1b69aad9c2bcac5a65d01864491733ae56c91bacfd3c6	307963	hotel-image-bulk/sources/dormyinnkagoshima_maps_final_evidence.jpg
7ccc14f6a4a3c534198df29595da26550842045396fc0f8b369a770309445265	289484	hotel-image-bulk/sources/favhotelkagoshimachuo_earth.jpg
fe7d1163df839b0eb7664114cf96306bbd8da5090c9dd178e406c82a9301c939	236719	hotel-image-bulk/sources/favhotelkagoshimachuo_earth_evidence.jpg
a5030c53ee60e9a9f2522f212b356d2ee49dc6feffdbba1545124948e78038c5	327080	hotel-image-bulk/sources/favhotelkagoshimachuo_earth2d.jpg
9b21e923b1883b5610c5e8e31269ade28915854555131e758ed0b7d6e917ad64	169632	hotel-image-bulk/sources/favhotelkagoshimachuo_earth2d_evidence.jpg
0f0fe7eae597ab89417201dfb580dcbca23f8161de73dcb9610b97aa4b317591	237842	hotel-image-bulk/sources/favhotelkagoshimachuo_maps.jpg
57f6a09b7c2a2fdc1da4f04c1bcc7b6a3ed0d23dc1a20ecaaedbe61cdcc3bf39	304544	hotel-image-bulk/sources/favhotelkagoshimachuo_maps_coordinate_evidence.jpg
f3b0d9270a0bc02517d2cb9573e2af44b85dd3ca90db3ec860c7d24cd21261e4	290495	hotel-image-bulk/sources/favhotelkagoshimachuo_maps_evidence.jpg
e344230eca94854fc606d564a3a3e55424ff40af4cfd09c3089f852072ce17ee	287539	hotel-image-bulk/sources/favhotelkagoshimachuo_maps_final_evidence.jpg
97aa509038cff83710acb5bbcedf11967fedbece6c2afe51a3f9e8404119368e	301540	hotel-image-bulk/sources/favluxkagoshimatenmonkan_earth.jpg
904aae7c666d00b835b797b38ee0c5bf23e0564697b91e6418223c515f52fc37	265783	hotel-image-bulk/sources/favluxkagoshimatenmonkan_earth_evidence.jpg
16e1f174a587fcf85f448e490047d45d86446bc580fb6da6342f676874ed7c75	357288	hotel-image-bulk/sources/favluxkagoshimatenmonkan_earth2d.jpg
c4d8a20509e3ded37b20e076b5a2d5ffae48e94c46fe5d9499d2a9480e933ba0	185340	hotel-image-bulk/sources/favluxkagoshimatenmonkan_earth2d_evidence.jpg
ef043bfa841598480a14fd10d247a5f4048bccab403bf8fba8a9242bdbccf2e7	256855	hotel-image-bulk/sources/favluxkagoshimatenmonkan_maps.jpg
66fba14c5fb128cffde58ec650ccbaeaf5a37d342d99cceb673106666471d245	306312	hotel-image-bulk/sources/favluxkagoshimatenmonkan_maps_coordinate_evidence.jpg
569db32cbef83757a0ae3a33f2482f37fc258acf1db0c3f68f63e82fd86c1356	314366	hotel-image-bulk/sources/favluxkagoshimatenmonkan_maps_evidence.jpg
c8aa387e535edabf5d550d7b7b5459e861fc40b9ca761118a742b1cfc5a0e38a	306054	hotel-image-bulk/sources/favluxkagoshimatenmonkan_maps_final_evidence.jpg
69142d5c27ee5c84001b875cd81e653c5ee007be5f26225bad64bc8ca7b4aae7	312313	hotel-image-bulk/sources/grandbasekagoshimachuo_earth.jpg
8109ee634f01849ac4b940e524a1f88d6edda85b5c9188b940441f5b593e6d1f	89466	hotel-image-bulk/sources/grandbasekagoshimachuo_earth_evidence.jpg
b7949f954427d7ec3ee5a60223a4a343c9d5995c7b16a48a5514b558d98a3c34	292281	hotel-image-bulk/sources/grandbasekagoshimachuo_earth_evidence_retry.jpg
bc93243f0ae82efab9d5bfa7b2c5028def10f4b556c7177c2982e11974dcb777	239039	hotel-image-bulk/sources/grandbasekagoshimachuo_maps.jpg
ab5b3878e68f0c331c3ba847b7048279aca61d5e3db6bb19b53822950c7f0a9a	293161	hotel-image-bulk/sources/grandbasekagoshimachuo_maps_coordinate_evidence.jpg
bf59b6874251401f08929a5ca18d1339ba72b9ab616854ed04cde3cc8e7a50b6	284587	hotel-image-bulk/sources/grandbasekagoshimachuo_maps_evidence.jpg
0cb78a46fd7597fb40f5bafe010bdae74786a6aef09475a6a604bd31cc8e1904	286096	hotel-image-bulk/sources/grandbasekagoshimachuo_maps_final_evidence.jpg
c523810a6ea339eba815a1ce3e30010464979d928b83eae32428151a7fd0bd4b	312355	hotel-image-bulk/sources/hennnahotelpremierkagoshimatenmonkan_earth.jpg
f75dd20bee4bf83aa9e7e5844d33c132e675f4fec6b1ebe0d803426061450a35	164784	hotel-image-bulk/sources/hennnahotelpremierkagoshimatenmonkan_earth_evidence.jpg
3a229a203cd46dba0d06810a59693c851f5abd11f49a3c589b46c7b0716c2071	250139	hotel-image-bulk/sources/hennnahotelpremierkagoshimatenmonkan_maps.jpg
fc45adb39974494ce096b3b65eeaf5fcd9d4fa2a85a6e4a6f5897272ce6f7003	343066	hotel-image-bulk/sources/hennnahotelpremierkagoshimatenmonkan_maps_coordinate_evidence.jpg
5311cc073cca2ca8bb32fd60f46128f2fce139abbc5a4185dad65ad57cbc402e	321367	hotel-image-bulk/sources/hennnahotelpremierkagoshimatenmonkan_maps_evidence.jpg
18b5906f4102dd50b16f693092e16bd3307760b7425b3e89c5715586ea27d4df	322190	hotel-image-bulk/sources/hennnahotelpremierkagoshimatenmonkan_maps_final_evidence.jpg
f93c6d11d7a949dac329b672a0c41eadbdb583cd19b260e704db38ddef8be69f	278143	hotel-image-bulk/sources/hotelazkagoshimakiireten_earth.jpg
cd460d1b54bda50031f69ebf38132f8722d00caadfc6c16264ba97718dd8ec68	270220	hotel-image-bulk/sources/hotelazkagoshimakiireten_earth_evidence.jpg
9008cd000bbb5fce89ce2470e467badfa86b3891350f76db969940d5994b265b	335405	hotel-image-bulk/sources/hotelazkagoshimakiireten_earth2d.jpg
d8027b719eb74f497224556f75a359dda1e3f9339baf05a5e895ad754e19c5ba	165929	hotel-image-bulk/sources/hotelazkagoshimakiireten_earth2d_evidence.jpg
ef6beee35e276325a3fd37c66b3282042293262eb62fadc7ce94310c8234e117	274933	hotel-image-bulk/sources/hotelazkagoshimakiireten_maps.jpg
9427c21ed20522bfad8c9d8f24677ffdc7a11495588355b78e694a1d499da367	263983	hotel-image-bulk/sources/hotelazkagoshimakiireten_maps_coordinate_evidence.jpg
6ecc73f770697dffe10ff2f74b1eef623579f3d1513352f7886ba9cb30fbc290	260316	hotel-image-bulk/sources/hotelazkagoshimakiireten_maps_evidence.jpg
070bb62c7a9652c7b59dacf9439e9240560809dc26446be8ca2269cfbb7a0cbb	255750	hotel-image-bulk/sources/hotelazkagoshimakiireten_maps_final_evidence.jpg
355231f1f65087e9baf8038b385fb525fd17380d8d7b90f476c2a861465ba7fb	240128	hotel-image-bulk/sources/hotelcoconutsresortmarinakagoshima_earth.jpg
46e70f3345c8889baece5b5b800791be1133e0dd779cc3d1d1418a29dfe238ba	144458	hotel-image-bulk/sources/hotelcoconutsresortmarinakagoshima_earth_evidence.jpg
97df545d32697db209aedeb9c569e8202562c1e15ba6c83a4f7d1d29b3acb191	224544	hotel-image-bulk/sources/hotelcoconutsresortmarinakagoshima_maps.jpg
67c2506698f550dd8125625dcd994dfd361ad07b48e857de6f1f810162b09414	234294	hotel-image-bulk/sources/hotelcoconutsresortmarinakagoshima_maps_coordinate_evidence.jpg
840faf57d39872438ab4380c8628035a4a2c7fe8cc085299a770ea6b16f40bfc	230502	hotel-image-bulk/sources/hotelcoconutsresortmarinakagoshima_maps_evidence.jpg
9de36786522d8529bb728259124853b15c3bbcde602340e9e3e8db14c8bc3bee	231994	hotel-image-bulk/sources/hotelcoconutsresortmarinakagoshima_maps_final_evidence.jpg
3c089b7e91a15f108c90be1c14a5a565fbded2e465d339898d23475e5254b135	298456	hotel-image-bulk/sources/hotelfukiageso_earth.jpg
96b0ce5e5c729fa3ffcda63d7ae0209d851774f937b8b072feaed2c71d74ebf2	165744	hotel-image-bulk/sources/hotelfukiageso_earth_evidence.jpg
2a2e9957a85471ac394e4ce7373e22f4a5ab1e7a5d2dd3655934fc8c7c0b3442	241524	hotel-image-bulk/sources/hotelfukiageso_maps.jpg
c05f40e124a22e46a61d0503fa22ac66b236c5294ce8d13de990b6d05fb3c5bb	316595	hotel-image-bulk/sources/hotelfukiageso_maps_coordinate_evidence.jpg
67b7378c55f850fe6b47e8aab1d3af21b753b5acad68db99e4b59c35cc2a466a	301066	hotel-image-bulk/sources/hotelfukiageso_maps_evidence.jpg
d966c0bd8c5c918b3c78813f0040858b1da5c982884f7d020f362aa854f98573	300815	hotel-image-bulk/sources/hotelfukiageso_maps_final_evidence.jpg
0e876ce9716b20c83c6e19763834b86363b69065017f89a212c7075efccccf6d	294635	hotel-image-bulk/sources/hotelgasthof_earth.jpg
657142f09d7def003cef0df1b5573109fe733dc6af86c026a1c58e5266c0b05f	157523	hotel-image-bulk/sources/hotelgasthof_earth_evidence.jpg
9e634f6f4777c63a1c6ac388ff26559f17538205eb5b5c9bcbc09d9ffd294b5c	306938	hotel-image-bulk/sources/hotelgasthof_maps.jpg
f8fbd8d1c76aebd97d1469bbcebd0cacd2e5aab5cbf259b37f5528c7f7eb2a31	310387	hotel-image-bulk/sources/hotelgasthof_maps_coordinate_evidence.jpg
03b5e738416ffef789cae72321449c96e8fda7a424e331e536d1391a9835dbb1	223393	hotel-image-bulk/sources/hotelgasthof_maps_evidence.jpg
da59c58f4ae80954910bf04d76d933668d9f005931d724134fe9f89539c8acfa	275330	hotel-image-bulk/sources/hotelgasthof_maps_final_evidence.jpg
4b4a86e662511d7a3d60e8f7b7ddfc5b4d434f3a9472b0f7a345e1178163f394	309718	hotel-image-bulk/sources/hotelgateinkagoshima_earth.jpg
d510b763a7cecadb2f3ee2b466e61fd81bdb09d654f5af397ee98c97b69ee92c	162478	hotel-image-bulk/sources/hotelgateinkagoshima_earth_evidence.jpg
4f5f31695480b5264ef9e674b30ed9a9bd45f5f0918fd9ababdfdaa0723b56e5	269571	hotel-image-bulk/sources/hotelgateinkagoshima_maps.jpg
cb86f2d935af86416d61afff2c29bc0f1f3f3c9a1e338ee9e9d2a8775650b6ec	306291	hotel-image-bulk/sources/hotelgateinkagoshima_maps_coordinate_evidence.jpg
d8cd15b05cb685bb27ae67b2faf4466fe92bc5c05d36964bdf8d649132df9315	281252	hotel-image-bulk/sources/hotelgateinkagoshima_maps_evidence.jpg
14b4e8bf3e2991f8d4fa5a5661775c0a5e80040cdc8a2a3b2fb3d026d271762d	281895	hotel-image-bulk/sources/hotelgateinkagoshima_maps_final_evidence.jpg
5140680cf577a10835cdcfb1306aca32eec48fd3fdf9dc7e89513df6fc341a97	308307	hotel-image-bulk/sources/hotelgrancerezo_earth.jpg
ba8808a27ab148967fe770d36adf63a088c88977d0f670c1a72787268b2d4293	189916	hotel-image-bulk/sources/hotelgrancerezo_earth_evidence.jpg
b4ee5ba2c65b4676850c74ecfd46f295e88f1bbc9a2b9ebac58e171bf50b647a	313784	hotel-image-bulk/sources/hotelgrancerezo_maps.jpg
9e6948ad4eecafa8989acaa13f3ee3ce0944a540a659c0189e7fbc7756037ebf	313880	hotel-image-bulk/sources/hotelgrancerezo_maps_coordinate_evidence.jpg
a7dc3f0625cdd6471fd8b7c758f0f676dbf22dad619eb7ee09942e1585794c55	292789	hotel-image-bulk/sources/hotelgrancerezo_maps_evidence.jpg
680b7abc9f417bd98d609d6a6b45c76e34a8204d26b4e0e13d4419f31ab33a11	291736	hotel-image-bulk/sources/hotelgrancerezo_maps_final_evidence.jpg
d5d693369b25fbe55430882b65e07477175c9bdfd47c431a96a881896ea569af	300381	hotel-image-bulk/sources/hotelhokkeclubkagoshima_earth.jpg
373c233c25271f5a86241f863ca2ad97e68ac5b48551a9a92bea1d99018083b8	278194	hotel-image-bulk/sources/hotelhokkeclubkagoshima_earth_evidence.jpg
4ce098c30f98b9350962452a051d5597dfeffdb003c4cccd648115360778b1f4	269978	hotel-image-bulk/sources/hotelhokkeclubkagoshima_maps.jpg
e9b0d860c6d028b8f0f968dc26a9c6b9ed8d60a44ba8f15b9eced20981c59df5	323442	hotel-image-bulk/sources/hotelhokkeclubkagoshima_maps_coordinate_evidence.jpg
1c5d2aa5e64ae40787e96fbb74039a2061bda25e5a7df4779ce208892892c54e	294403	hotel-image-bulk/sources/hotelhokkeclubkagoshima_maps_evidence.jpg
6e7598d1e6fd67026860805db4baab08e2b26f4a3b43b30a58fae7a20adb5e72	297205	hotel-image-bulk/sources/hotelhokkeclubkagoshima_maps_final_evidence.jpg
e399ba6f7f4a4c17a3801f76830c1126d37967922da4b7bb50bca6d45d0aa9c9	259876	hotel-image-bulk/sources/hotelkagoshimahills_earth.jpg
2fbbf0f4b2b48d35120cb8b912a785283097211a1f38fb3f37ca83498b776206	161954	hotel-image-bulk/sources/hotelkagoshimahills_earth_evidence.jpg
cf8025f20093dd9918b5b2d0e89046b209184f4a21d807405f365041de953392	204650	hotel-image-bulk/sources/hotelkagoshimahills_maps.jpg
d1690a7629439d816debdb20ebbb67dceced40002bb17e4ad9c0c70df24d7f69	263691	hotel-image-bulk/sources/hotelkagoshimahills_maps_coordinate_evidence.jpg
44a96333f8286d4270862d1d50b4ba1a1b870ebecf740c02886c357e599ebde2	254688	hotel-image-bulk/sources/hotelkagoshimahills_maps_evidence.jpg
eec148b0787ad85db3acc9f24e41146f45e6905b025e0edf0ee216209100c947	254182	hotel-image-bulk/sources/hotelkagoshimahills_maps_final_evidence.jpg
40ade74100c6b7ffccd40210745155177d92d9a16bcfac52d73d811fb2bff859	309325	hotel-image-bulk/sources/hotelkamoikeplaza_earth.jpg
5726725f29b8a46c2d09842154d1637d595519993598d187e2edfe016192cd4e	159340	hotel-image-bulk/sources/hotelkamoikeplaza_earth_evidence.jpg
4dfef38fc1bc79701c2666a04fe9699ab53dda3dda19c898f330a28afb71fc91	231490	hotel-image-bulk/sources/hotelkamoikeplaza_maps.jpg
0f01d94b4b4c9d2fa0d8907bcfb8aa71f964a006bc364dc3c2d85a0f2fc4caa3	306771	hotel-image-bulk/sources/hotelkamoikeplaza_maps_coordinate_evidence.jpg
39b1a67e5a278bd49f63580f089ea1015409878b2da237e46c9affe781269cfb	294293	hotel-image-bulk/sources/hotelkamoikeplaza_maps_evidence.jpg
c50fb58e8b35dbb3fde0c4e849322f0938e598ac332e92e828f578fb8158b4a2	295446	hotel-image-bulk/sources/hotelkamoikeplaza_maps_final_evidence.jpg
8fc291c2eefced427993b8957b3869adf781176823d2e32b57a9d1f8ed3afadc	286823	hotel-image-bulk/sources/hotelkukita_earth.jpg
42c04b83649b1041f3e2a554236879f331c724d413a06056c98dbae8b7aa4220	230372	hotel-image-bulk/sources/hotelkukita_earth_evidence.jpg
cbfd795c98ad0885beb617ea7dc0bbff0b863d1d1e7f34689d7f3e53f3f61c49	348249	hotel-image-bulk/sources/hotelkukita_earth2d.jpg
0f6dbcd97bfe5053cf5b3f3ba7249118caf66f43a4aeca7a3e5e7c9881d92a48	173615	hotel-image-bulk/sources/hotelkukita_earth2d_evidence.jpg
c6920ddb5dd6a2ff73ed7f6e15f5333da52cf09809f129398644d879bb921463	284549	hotel-image-bulk/sources/hotelkukita_maps.jpg
3aa63d4f09739e71886b4208ad988ad34df4bc87f1c2065f8c265dbde5fa31c3	284404	hotel-image-bulk/sources/hotelkukita_maps_coordinate_evidence.jpg
199b6e5e0f02fe95e3c3952504ef95594c9cdbd60f0ddf32ac7dc987d39d5205	272829	hotel-image-bulk/sources/hotelkukita_maps_evidence.jpg
839b1edd3a4a2b7262404ea1ff4018868338b965824f07a34ceed94f125a69cd	267790	hotel-image-bulk/sources/hotelkukita_maps_final_evidence.jpg
04ea6e528e301fd51a8939b8975194b643cca9b6f2f0e0218e71c3647473194f	307348	hotel-image-bulk/sources/hotellextonkagoshima_earth.jpg
c835841c853cc20e7687dc6a30094a2dfddf9eb1916176c51131681eee237e92	179790	hotel-image-bulk/sources/hotellextonkagoshima_earth_evidence.jpg
be82b140b2ed22dc3985ddd2b6301ce078b25de54b3a81b335f7a5e1aef0703e	262498	hotel-image-bulk/sources/hotellextonkagoshima_maps.jpg
52d09eb9151f562066305d9b828a300583830d2ecc86d1d6f143bee3c5b6ffa9	295969	hotel-image-bulk/sources/hotellextonkagoshima_maps_coordinate_evidence.jpg
3407e1d9a6dc79bc0ba11f554368d52afa623960a96a98465c4b9e0171d04c65	293904	hotel-image-bulk/sources/hotellextonkagoshima_maps_evidence.jpg
d9c585a70544cb8982754b5eb7567505637570c006082f8814562360dad5585d	293814	hotel-image-bulk/sources/hotellextonkagoshima_maps_final_evidence.jpg
ac94b08198f911c6db1fb7be53b54b059134ef1d4d33e031d3031ca3888141a3	299238	hotel-image-bulk/sources/hotellextonkagoshimaannex_earth.jpg
d8bfea655ce4f340d8228de0b972f57093508b1fec8120a299760c4d59f3c1a6	152711	hotel-image-bulk/sources/hotellextonkagoshimaannex_earth_evidence.jpg
72770936bba715f1840307d9b0352b48d3a09ecbf6983e37f6a6477015ea2da9	310115	hotel-image-bulk/sources/hotellextonkagoshimaannex_maps.jpg
fab5af65ab129d8b2a437e2019a2faa3cdf1acb589385aad3ee56998533f6ffb	308139	hotel-image-bulk/sources/hotellextonkagoshimaannex_maps_coordinate_evidence.jpg
50fdd6694227453dc4ec7a562546a99d3637b528bd3e4a83ebed7c004fead4a9	306496	hotel-image-bulk/sources/hotellextonkagoshimaannex_maps_evidence.jpg
94ca9e7852bd1e71766c72880b8e681dc3405ed96da99660c91b12a4cdd24df0	307587	hotel-image-bulk/sources/hotellextonkagoshimaannex_maps_final_evidence.jpg
e486b2e93baeccb6b4a83585f9454979270d73df2e3dade247eecd2dd5f8095c	275313	hotel-image-bulk/sources/hotellivemaxbudgetkagoshima_earth.jpg
b9ee24c1589dc8c12d862ea3016541d22e8a51fe10596ffea3515d61079d5dd9	157237	hotel-image-bulk/sources/hotellivemaxbudgetkagoshima_earth_evidence.jpg
90aba6556141e6dd8b5e20a06b92dc8005c19d36835eb66c2da87d3ebf8d9fc9	232568	hotel-image-bulk/sources/hotellivemaxbudgetkagoshima_maps.jpg
a389621f9a4de25ef5d44645145f863ba5fb97b1fd21f99880f7e7aada560bf5	304938	hotel-image-bulk/sources/hotellivemaxbudgetkagoshima_maps_coordinate_evidence.jpg
dc3c708519877e10933b4f49416e6e2b5fc0320c55de5a323c3f1b46f9b4efd3	254492	hotel-image-bulk/sources/hotellivemaxbudgetkagoshima_maps_evidence.jpg
d91ce94c6bc12b88d8cb812bc154d29ca8dd320295941d44b5d31aeeaa1c8d9b	257959	hotel-image-bulk/sources/hotellivemaxbudgetkagoshima_maps_final_evidence.jpg
10ae6fcd62073d6a151370e0ce36f720bee550a8e2263b27576c7aa8612ede3e	275024	hotel-image-bulk/sources/hotellivemaxbudgetkagoshimatenmonkan_earth.jpg
205a5c7c70543bb6cd03fd30e8f7316def126fb91a4d6965de7952db7df52d6c	158865	hotel-image-bulk/sources/hotellivemaxbudgetkagoshimatenmonkan_earth_evidence.jpg
0a9798e633fb54162e48ba5144d3aa966ec694f9567597ac352484d6cef9cec6	305665	hotel-image-bulk/sources/hotellivemaxbudgetkagoshimatenmonkan_maps.jpg
4c2644b03f87940b63698124f5c13ce3afd9f2e032cc9c40fff9077dca1ccbb4	304886	hotel-image-bulk/sources/hotellivemaxbudgetkagoshimatenmonkan_maps_coordinate_evidence.jpg
6d80ba4338ab6f66683d37c8bdbbc4b775237243d4e559d759d7ed4280ad15c5	257829	hotel-image-bulk/sources/hotellivemaxbudgetkagoshimatenmonkan_maps_evidence.jpg
d2bf81a0abd30e93423155dd7dd4b61af5112489b3dffd209048e7378c10b53a	257853	hotel-image-bulk/sources/hotellivemaxbudgetkagoshimatenmonkan_maps_final_evidence.jpg
4182631478b08d5ff9096708a8810429910d0adcfd53fe89cd1fcd5098c1f16f	279463	hotel-image-bulk/sources/hotelmystayskagoshimatenmonkan_earth.jpg
496dde56bbc8762b246b7cc25b5d87817401a22e2bc1a76d51c6dd82bb508514	184153	hotel-image-bulk/sources/hotelmystayskagoshimatenmonkan_earth_evidence.jpg
31816f6b55907ba1e698d3a794eefc964dc325e535892b13e70c41313c73e581	237601	hotel-image-bulk/sources/hotelmystayskagoshimatenmonkan_maps.jpg
4f6ac4a8ee259871a1cba80e255552bb32df10b07c08ee8ee6edd2a8c3921979	328738	hotel-image-bulk/sources/hotelmystayskagoshimatenmonkan_maps_coordinate_evidence.jpg
f758d3afaed3822bd37071ee69ba6e8a7426b9debcc471b9b6e0c4d46c9ab583	276327	hotel-image-bulk/sources/hotelmystayskagoshimatenmonkan_maps_evidence.jpg
9ab96528cbc7481f067999589cda7de06d0a4c3e8d21f5151555fdcad033c780	277957	hotel-image-bulk/sources/hotelmystayskagoshimatenmonkan_maps_final_evidence.jpg
cf18c62f698294d431568578afe45387c1e0672ab3d4d639a1ab7a65462b9acd	279655	hotel-image-bulk/sources/hotelmystayskagoshimatenmonkanannex_earth.jpg
caccbaefd272799fcb3e2475caed6f4fd453a1280abab2504927feda0e2bd027	177754	hotel-image-bulk/sources/hotelmystayskagoshimatenmonkanannex_earth_evidence.jpg
2a3e917243aac7f56bb9c7187779bf1420ca7638c35b793cc9f6c473dbc2cfa5	237589	hotel-image-bulk/sources/hotelmystayskagoshimatenmonkanannex_maps.jpg
1a53b8e2740f31a20600ab9ea6ae9d3f92687eb9204019785b447775f4d8633b	328737	hotel-image-bulk/sources/hotelmystayskagoshimatenmonkanannex_maps_coordinate_evidence.jpg
1d58021d5c1222ffc884021081f442f494908294e3c1e20df0c97309204d5c8a	276348	hotel-image-bulk/sources/hotelmystayskagoshimatenmonkanannex_maps_evidence.jpg
f9b1dd3b22f817abde720f15712f1d17ca917d31599c79951fc071d57f39e6dd	276562	hotel-image-bulk/sources/hotelmystayskagoshimatenmonkanannex_maps_final_evidence.jpg
efc21d0723d18978904b6a73869200a0e00f4efe2b766a98743d6df7b993099d	306315	hotel-image-bulk/sources/hotelnewnishino_earth.jpg
593ce4631c790b53b1566a9241086f61d3e96e06fc602c8be132252f922b5a21	89990	hotel-image-bulk/sources/hotelnewnishino_earth_evidence.jpg
8b5580504e868c5813b5c44c4743419be989bae2d376a4472727cc2c68ae15d6	298473	hotel-image-bulk/sources/hotelnewnishino_earth_evidence_retry.jpg
376c31da8fa7b6993092867f1a869e2f19ab98e50e933a3e44d569ed284e8522	306477	hotel-image-bulk/sources/hotelnewnishino_maps.jpg
656301298fc6fc627faf09b635d35ddf633b1ec7b3e91e779344b3a33ef14cf4	307598	hotel-image-bulk/sources/hotelnewnishino_maps_coordinate_evidence.jpg
45e1bdcc2d1a0ca48eff6cb2f6ec6cab1bef9a49875fdc93b150e35ab5e8f501	273856	hotel-image-bulk/sources/hotelnewnishino_maps_evidence.jpg
4b8e6d9786561ad9b44abe24a37b344546df0e5b5197d52382a67291c37815d3	274753	hotel-image-bulk/sources/hotelnewnishino_maps_final_evidence.jpg
8ac1b66ab7c2894ce952380ec97db647d02b9f86ec157a276e44725bf92b1b1b	299715	hotel-image-bulk/sources/hotelorientalexpresskagoshimatenmonkan_earth.jpg
e013eefcd3a22e590f5fdccfa79ebdf5a18827e8f58675fb9f3ab49fee806274	245609	hotel-image-bulk/sources/hotelorientalexpresskagoshimatenmonkan_earth_evidence.jpg
f58ac4d0171d8b0f5acd4429eb7b2dfb7c8ac69b0124fa3a52b768200c5b272b	246014	hotel-image-bulk/sources/hotelorientalexpresskagoshimatenmonkan_maps.jpg
f804f160ce853e99ad21c10b5a6179fa763bc7ac8aa21afbb2b3d98f4a6891bf	310935	hotel-image-bulk/sources/hotelorientalexpresskagoshimatenmonkan_maps_coordinate_evidence.jpg
bd3e68661f0b49e2f3d62f8ea17e21e73e6f34b1759e680e3ee50646cf9d228e	307006	hotel-image-bulk/sources/hotelorientalexpresskagoshimatenmonkan_maps_evidence.jpg
2b9e8d1476ab9be1d80f5281cef8a20bf979a6e9224674d8fd68ba97ec0a96d1	307692	hotel-image-bulk/sources/hotelorientalexpresskagoshimatenmonkan_maps_final_evidence.jpg
af5e6433e02edc5a1ddd7fa09a4ebe8fb22b8745a4c21b4d2993ae57f1f900d9	308011	hotel-image-bulk/sources/hotelpalmstenmonkan_earth.jpg
226411ede7ac484930241f71716eb69d366413e5779ea68dfe2784db3819d89e	166462	hotel-image-bulk/sources/hotelpalmstenmonkan_earth_evidence.jpg
f99cbd196e68d7ef86f6548092869a30d8d988023ab995a8bd64584a79083fd6	255880	hotel-image-bulk/sources/hotelpalmstenmonkan_maps.jpg
c78b95a7084ce7c49d3d84c6201f75c71f20ab308715b5f8761846812e9bea89	309041	hotel-image-bulk/sources/hotelpalmstenmonkan_maps_coordinate_evidence.jpg
862892b3046f15e09de0db7d33b6c3ab7c9b36bd164f88d753eb7644783ff9df	280663	hotel-image-bulk/sources/hotelpalmstenmonkan_maps_evidence.jpg
31c07a248ee3c031775627e17031b282947c26d443390991be1390e9a62a2161	281475	hotel-image-bulk/sources/hotelpalmstenmonkan_maps_final_evidence.jpg
304b3c20189a64b33696ea236f0c9a3d103e68bc3ad1fd77b662bc8c436fda86	285673	hotel-image-bulk/sources/hotelparcs_earth.jpg
eabf9292790ec844fdca59d43bc8e837bd80eadae43e4109b8f88f30d2302b8f	159247	hotel-image-bulk/sources/hotelparcs_earth_evidence.jpg
23a98858a1355129af998889c456bee5b9ef0a9f2d7b9460d6e053a5072cd4a0	237739	hotel-image-bulk/sources/hotelparcs_maps.jpg
5367b75ae145cb0b8b3bd89c7c9c8b4c38e171d62c31ef4969ef49a000ebc818	299137	hotel-image-bulk/sources/hotelparcs_maps_coordinate_evidence.jpg
717a4ca16b215f818229923c881516c35c4e1e31c5d268238acf6282cc89d411	297960	hotel-image-bulk/sources/hotelparcs_maps_evidence.jpg
c0fef608a84edb20d6193fd6d90dba60f5ab1ba1b5c10fd49b10ff8d03c2b2c0	297175	hotel-image-bulk/sources/hotelparcs_maps_final_evidence.jpg
a3c2ae25e27b0f11c736099defd2311745d023c7ce93b5176311c348cfdd30e9	298772	hotel-image-bulk/sources/hotelresidencenanshukan_earth.jpg
8059e54545238f8ae9cafee3df235d8c93b74e7d35f711b22fc310b8f5929754	281887	hotel-image-bulk/sources/hotelresidencenanshukan_earth_evidence.jpg
a2967f5814f76e6cb151701b3d49350726a9fd4832cdd2b4d9ecb7c3f24ea2f4	356157	hotel-image-bulk/sources/hotelresidencenanshukan_earth2d.jpg
168c3ae66cfd5b211f60f9d724e9c2daf7545411e43843cdc41af09e6be59e88	183852	hotel-image-bulk/sources/hotelresidencenanshukan_earth2d_evidence.jpg
1ae8511650b7a4f1152e0ac46ef7d2ca8cbc5096a70efb544b65950bec11a647	255908	hotel-image-bulk/sources/hotelresidencenanshukan_maps.jpg
258cbfb8231198401cb2029042d49e632ed0b1198068d2e431dbed8b6c7e8dde	313461	hotel-image-bulk/sources/hotelresidencenanshukan_maps_coordinate_evidence.jpg
7032856e8d844daa5616fcb4772b328bc65c59c3ba9e85a405f1db2e016d37eb	321230	hotel-image-bulk/sources/hotelresidencenanshukan_maps_evidence.jpg
f613ef9ab307c61909e00387aaaada31e37c85727b8e4a95332d8cfc1eaa9978	316763	hotel-image-bulk/sources/hotelresidencenanshukan_maps_final_evidence.jpg
e86bb01c46bab090d70d6a58a7fea7afbfc14450549b8c3f9cf8593352380e48	276769	hotel-image-bulk/sources/hotelsantorini_earth.jpg
3cbdf6f47e4970ed80010fbf9a04816de89537d5d35880206a434ec4ad3b494c	149434	hotel-image-bulk/sources/hotelsantorini_earth_evidence.jpg
e384f2935c3dd74be658f9a2a9552061ffa14fb05dead0f261292ecad0f90a18	207371	hotel-image-bulk/sources/hotelsantorini_maps.jpg
d0f4be4235eb5202e6d8e8a85e520599ade451821436e2ee593c0a6576f04536	250200	hotel-image-bulk/sources/hotelsantorini_maps_coordinate_evidence.jpg
eb6f28ce9a274868c890c442935e1225bfcd90fb8f0df06ad19b03d1d45e50d6	227078	hotel-image-bulk/sources/hotelsantorini_maps_evidence.jpg
2e64ece10f47f9b65c642b6c6b667c22cd5c3e329cbbb1e34f29a043503e4e9c	229403	hotel-image-bulk/sources/hotelsantorini_maps_final_evidence.jpg
3235b3049af50feaa0f591e7736812d62fbca882a99e863b047e9a10063fe82a	313847	hotel-image-bulk/sources/hotelsera_earth.jpg
9c2cf1aaee5edb44bb22b0d93030ca19318ea93fd6a17e3f8a5460f74b4765be	269658	hotel-image-bulk/sources/hotelsera_earth_evidence.jpg
0bc3af39765bb302fe0fec728608b2f5ab628ff56d06e53441536f80ed493617	332378	hotel-image-bulk/sources/hotelsera_earth2d.jpg
8be7eac0d8b8f2502c0474283f0d9e724f6990c73f01570b57b7f706dd07a6ef	184151	hotel-image-bulk/sources/hotelsera_earth2d_evidence.jpg
8c8e177eedea4bfc68e7eae2130a80f881fcdb1067e49f13b24fc458d232576b	283611	hotel-image-bulk/sources/hotelsera_maps.jpg
6ba428500accbf5046124120193b0d0848d7da39253382772ff41348c5dd59aa	280323	hotel-image-bulk/sources/hotelsera_maps_coordinate_evidence.jpg
2f1251a11f1ec000338f98c26a7f0493561ba6ed0b8d7153a36ed98cfa9b7310	268497	hotel-image-bulk/sources/hotelsera_maps_evidence.jpg
fcb4ba67b04390765410b11c04e5add98937d5ca6aab0391a31bb847fec38929	264463	hotel-image-bulk/sources/hotelsera_maps_final_evidence.jpg
0cb9b2a02abbc970b862efbf0163e0a55fa6454e9505399efd49f0ee3ae63053	306243	hotel-image-bulk/sources/hotelsundayskagoshima_earth.jpg
c10137755fc7f6c416242ec9b671888e408193bab810819177819eb04f86597b	150924	hotel-image-bulk/sources/hotelsundayskagoshima_earth_evidence.jpg
eaf086418d712b477669beaf0ffc03cda5f20787f44e5e86bf1ecaea0e68b8ae	313553	hotel-image-bulk/sources/hotelsundayskagoshima_maps.jpg
62995846d72d91c5aba290c4560eba3b32a5210fe9b1fc7c78886b221bebee8c	315206	hotel-image-bulk/sources/hotelsundayskagoshima_maps_coordinate_evidence.jpg
854491db19cccc10eab489dac6b9692970d9d27acd2108cbe2df7b641a3193c6	311490	hotel-image-bulk/sources/hotelsundayskagoshima_maps_evidence.jpg
3ac3a6eaa909ec899ef2b55988bb083a3255e3fe084ad70d36c26789b525d3ba	311546	hotel-image-bulk/sources/hotelsundayskagoshima_maps_final_evidence.jpg
71b4b123dd6f8eabb3467e03089f59c45650b9f0f35a5a4bd0a8319e3518a2a4	298496	hotel-image-bulk/sources/hotelsunflexkagoshima_earth.jpg
34f1a91389790f83e83e8796c738df895752a61b0a31eaac1ef1f6bfc763dc11	156157	hotel-image-bulk/sources/hotelsunflexkagoshima_earth_evidence.jpg
daab7f4491fc630a497e7fc972fe1fc31e8bd3f0ce15ecf269fd0fb85052c869	232988	hotel-image-bulk/sources/hotelsunflexkagoshima_maps.jpg
487e314c5a812c9d5c2efd578ead0ecae35592b984e34674a58eb61d795379df	323858	hotel-image-bulk/sources/hotelsunflexkagoshima_maps_coordinate_evidence.jpg
56f0d7c841b4c8d15aed38addd6f38da06d4408447dc5488172273a93267ebdc	276447	hotel-image-bulk/sources/hotelsunflexkagoshima_maps_evidence.jpg
ff82512f35a40700b61a53e4ee66b82cc2fdf7fa91bc4ead9c7952c2ff8fbfd3	277683	hotel-image-bulk/sources/hotelsunflexkagoshima_maps_final_evidence.jpg
7d3be49d26af349282f261d1fb3d8d4d3afc7572083f449dc4039ee76e4a8bc6	304309	hotel-image-bulk/sources/hoteltaisei_earth.jpg
92ca241ea863c14cdc0dd63cd13ced75748d71c3811f27c31d731341a08caf93	158351	hotel-image-bulk/sources/hoteltaisei_earth_evidence.jpg
7463c79c4634eaa8274236e97c0a9a0d8ac22d00404170d87fa537d574da413d	240007	hotel-image-bulk/sources/hoteltaisei_maps.jpg
921404aed3f821d9def4ce406b2a071c30106d5f4ddd235ab0175914a6a19c7b	292532	hotel-image-bulk/sources/hoteltaisei_maps_coordinate_evidence.jpg
1dc2daa48e70c5d8420e22ad84ab708ce85f18a9e6cb6f40515cc8f9917693eb	292528	hotel-image-bulk/sources/hoteltaisei_maps_evidence.jpg
391642c13c8c1fd4dc41b9435bc977678ffa66f081c6102d2a08d4e201b5dffe	291629	hotel-image-bulk/sources/hoteltaisei_maps_final_evidence.jpg
987674d49abfc62ae372ce801b4de3e9669d78181ad17383f02bef21f8596595	300206	hotel-image-bulk/sources/hoteltaiseiannex_earth.jpg
1228604fe58eb82ba9a4c600db866da61b7c2086b07ba00de6a942b6e8dc9405	177358	hotel-image-bulk/sources/hoteltaiseiannex_earth_evidence.jpg
4ba81850b9b2cfc52e80afc9538813d4b9bf9e8ff892555f5c8ee30cbcac9fb8	327687	hotel-image-bulk/sources/hoteltaiseiannex_maps.jpg
745cca847bca055b799f4d66adf4d2f3cb8150d9fea5dd8ecda2f6a2e30a0c24	308530	hotel-image-bulk/sources/hoteltaiseiannex_maps_coordinate_evidence.jpg
3c1fbc9e86c2c2aebbd486023af095f6eef1041d9d7236cb7cfa3e01d98b1d7b	313402	hotel-image-bulk/sources/hoteltaiseiannex_maps_evidence.jpg
badfb72b1b08a526ee91980aacd6b6d702037bf18f0e84f41b4ba7e99b7be85b	312294	hotel-image-bulk/sources/hoteltaiseiannex_maps_final_evidence.jpg
94a53dabd1270e7f87d5e338a31760c1aedb50b2d1129e13b084080d405bad23	321710	hotel-image-bulk/sources/hotelunion_earth.jpg
d01235edc67a05f41b18673bc97376d3d4688e627bf5619222297c34302a1f67	191634	hotel-image-bulk/sources/hotelunion_earth_evidence.jpg
adb20979409f88c9e4d11cedc01802451d8bd037dcf0b44f8845011e79626efc	296541	hotel-image-bulk/sources/hotelunion_maps.jpg
940e97be818286d69eb994bc8a56cadd65229bc11f9decaaa45ab99dc916bb2a	302862	hotel-image-bulk/sources/hotelunion_maps_coordinate_evidence.jpg
71354a8073d46d6310380d3bbc0178100d5962b5fad23ab8014d3ef758b5649d	278426	hotel-image-bulk/sources/hotelunion_maps_evidence.jpg
ae25c6a9794899962b9fb357ebc874c2d3aa423b3609659b62aa53ff146a8ad4	280312	hotel-image-bulk/sources/hotelunion_maps_final_evidence.jpg
461845eaf9b63001fef4ea88f439187e422ffaeeab704f6d8fed4e456f7324d6	311193	hotel-image-bulk/sources/hotelurbickagoshima_earth.jpg
cde64cd088f3abff01ce55929bd64c6c14148cfc47483f0d16795ca9ee181319	178964	hotel-image-bulk/sources/hotelurbickagoshima_earth_evidence.jpg
155c29df00ea3537afbb3028e181f3bf49096efe4fb5c372c557e0017f5f133a	237906	hotel-image-bulk/sources/hotelurbickagoshima_maps.jpg
4d592448067d458429326782e315c2275ab0c02bfa62f58ec6a00404781973a9	322585	hotel-image-bulk/sources/hotelurbickagoshima_maps_coordinate_evidence.jpg
272da52a2ee641bf16877443bbe50c1fb2d810fe27f975ac997f74d4e4f4e85a	301725	hotel-image-bulk/sources/hotelurbickagoshima_maps_evidence.jpg
1434046fea3920467ab1e9692da326cafc744954937af0c36d151b395ede3e85	303682	hotel-image-bulk/sources/hotelurbickagoshima_maps_final_evidence.jpg
ffdc532012e9fd532d44cf11ac02700bff7c47270ae7efd9687b6a4d14307da0	198858	hotel-image-bulk/sources/hotelwatergatekagoshima_earth.jpg
4201f7375fb5e652e594e676010c359faf29de35f7a01468b51897d142e56dc3	194401	hotel-image-bulk/sources/hotelwatergatekagoshima_earth_evidence.jpg
cf1ae23766c816fb701aa76c01a00cac940187492e6ae8e3ef2c3ef1f6234907	155202	hotel-image-bulk/sources/hotelwatergatekagoshima_maps.jpg
4c173cb3b8e5496e89827a6c181bce76a7a9c62382a7dfdad01da110b7e255f2	188766	hotel-image-bulk/sources/hotelwatergatekagoshima_maps_coordinate_evidence.jpg
d1ebe410a0a888a174685682e279d5d0f1a2519878f3771a4f074ae1ac6ccd21	166924	hotel-image-bulk/sources/hotelwatergatekagoshima_maps_evidence.jpg
244b15baed96f6677a8af64708976948fe18b67e52328af3f12c702624957928	167320	hotel-image-bulk/sources/hotelwatergatekagoshima_maps_final_evidence.jpg
868b867cf4598b6103451a4969e617fd141def189121eda5f890fa766ded89b3	212095	hotel-image-bulk/sources/hotelwelviewkagoshima_earth.jpg
25cc2109c9b10c0b0b61cdc43a1b9278966a28f642241dbd5d4c9055ad598e77	188415	hotel-image-bulk/sources/hotelwelviewkagoshima_earth_evidence.jpg
4db2ca72b9fc62582b5b4bab48683fc13f2c06696de907d8595fabe3a1680e7d	158913	hotel-image-bulk/sources/hotelwelviewkagoshima_maps.jpg
f87606fd1472d4d4514e7cbe5665bb3715903ff4f2a0b206b7b158ec59c902bd	205657	hotel-image-bulk/sources/hotelwelviewkagoshima_maps_coordinate_evidence.jpg
ed6d1219d74a4ea31b2c663ac078a9fc964d12fa375fa6de865cb04cc19d4b08	163195	hotel-image-bulk/sources/hotelwelviewkagoshima_maps_evidence.jpg
c9e3ad9473a612f41f05d9c47af41481c9af9bfa7034745284e8a632ebe96123	163572	hotel-image-bulk/sources/hotelwelviewkagoshima_maps_final_evidence.jpg
3111e56892e6cbb0177591cde142e421e33d1e5799cffc25da34122af0245a01	307304	hotel-image-bulk/sources/jrkyushuhotelkagoshima_earth.jpg
7f552f3bd21ef62947ffcad0957766792f27b623398998095e7e79077a8843e4	247390	hotel-image-bulk/sources/jrkyushuhotelkagoshima_earth_evidence.jpg
a8b5069c667c867087ebd2ecc96265cf997833c4a96675ddf669bfca86bb4eb2	338320	hotel-image-bulk/sources/jrkyushuhotelkagoshima_earth2d.jpg
c937163e78c73d1969b1d756f43855135df03eec8a9e9ba4f834a9ea139b58ec	183484	hotel-image-bulk/sources/jrkyushuhotelkagoshima_earth2d_evidence.jpg
c50cb4e25115be5c8a7f4d1c88dd09479d8d92f9b1d218bcd61659a4c6c0a325	288445	hotel-image-bulk/sources/jrkyushuhotelkagoshima_maps.jpg
d1e45ab2a65da305eadf9f1c225388dcab214e9e0c939e08d1e3c39ea54ad9e4	299011	hotel-image-bulk/sources/jrkyushuhotelkagoshima_maps_coordinate_evidence.jpg
000b733e95f108d62a18fe0357ae7ee674675b3c99608b9339e65d4a0355c6e7	299646	hotel-image-bulk/sources/jrkyushuhotelkagoshima_maps_evidence.jpg
3540902fa09493a8b037d2dd54bfbefd7e205c300f3057fd6a7de4c2453c1657	299096	hotel-image-bulk/sources/jrkyushuhotelkagoshima_maps_final_evidence.jpg
45e59a3edc3c011f7c8c8e9441b65f5055e3a07e2f8d470994a8956333f0edb4	272668	hotel-image-bulk/sources/kagoshimaaine_earth.jpg
70794868818aa4853146f671405c1ee4f03275b9c31f17f0d7d42be40cab3eeb	180532	hotel-image-bulk/sources/kagoshimaaine_earth_evidence.jpg
5ea6c5a2aa010c194ed2783a87d91ee24943513f0294148c908692c873d6c5cb	208549	hotel-image-bulk/sources/kagoshimaaine_maps.jpg
54b8f193e94829956a0b8e0164e5fe4877186dde5468832322909464786a6190	256334	hotel-image-bulk/sources/kagoshimaaine_maps_coordinate_evidence.jpg
a54fdeae6922db69ee1b563d399f67234939a89b71fd6ef7b655405ab11baaca	218327	hotel-image-bulk/sources/kagoshimaaine_maps_evidence.jpg
4a011fd4b68d678f970e2e34a6a927b4167fda37c81d91e35e37d50d5e89e8ad	238051	hotel-image-bulk/sources/kagoshimaaine_maps_final_evidence.jpg
327ee172badfbf3b2fd1e4742988b203235fff9b13deae6258b90f379e73da17	244771	hotel-image-bulk/sources/kagoshimadaiichihotelkamoike_earth.jpg
13f2af319d3b666284484a5e46a54f4823d18afd668b3ba17d6a317e7536ab7b	246310	hotel-image-bulk/sources/kagoshimadaiichihotelkamoike_earth_evidence.jpg
b36576ad65627c034f27889ccde2752e3420d8aa93a15ea52be91274912e7881	291443	hotel-image-bulk/sources/kagoshimadaiichihotelkamoike_earth2d.jpg
76ca78ab111dff7d39d4759188fc4857f1a40c7430ce9898c838b77253e223ae	264616	hotel-image-bulk/sources/kagoshimadaiichihotelkamoike_earth2d_evidence.jpg
9ee0bbb27a9b141f837040b97da86143d42fd429d3ddc6ea5572c81c40a20915	188762	hotel-image-bulk/sources/kagoshimadaiichihotelkamoike_maps.jpg
46b28da19067daa2839e8d352281f9002b022bff0629a7ad7090446bd788397a	259381	hotel-image-bulk/sources/kagoshimadaiichihotelkamoike_maps_coordinate_evidence.jpg
27ce7f4c04c894a2b938f4bc5c2e610c6fd05fc4b12ca90b6fb0e36e1b00344a	205275	hotel-image-bulk/sources/kagoshimadaiichihotelkamoike_maps_evidence.jpg
b02fcd7a1a4885846507b7fbe78f564a4b70179ad71d5960ef38f6cd781d2aa5	199874	hotel-image-bulk/sources/kagoshimadaiichihotelkamoike_maps_final_evidence.jpg
99e65e41b46aed7ec9103c22ac39d50ae412407cdbf7da470fd171a6293e3d8a	286823	hotel-image-bulk/sources/kagoshimadaiichihotelkishaba_earth.jpg
55b4c3ebb0181f2df1ca841bdf8e4f32ef1c6bbcc9fc7ff9e4006c2a3850d713	247053	hotel-image-bulk/sources/kagoshimadaiichihotelkishaba_earth_evidence.jpg
d2a1e9574e7b7c018092fd9916b6e11d81d99da4bc24317855584850cac53a1c	316075	hotel-image-bulk/sources/kagoshimadaiichihotelkishaba_earth2d.jpg
ae5dea7fea6a291f62fcaf8e13f3fd211a55e7124bf2487300909afbd03b5e59	188568	hotel-image-bulk/sources/kagoshimadaiichihotelkishaba_earth2d_evidence.jpg
3fb00bc98d89643825c39920f9ecdfbf346117963f8f3de9641a758873747203	215994	hotel-image-bulk/sources/kagoshimadaiichihotelkishaba_maps.jpg
165d7be3aaf2ead5efae669d2630876ed43bd763b0aafcc1a860dcc1344a0681	278014	hotel-image-bulk/sources/kagoshimadaiichihotelkishaba_maps_coordinate_evidence.jpg
55e835702a2ace79a2a8a9ee4776fe9db3e894860e6abbadd805f2d68642f687	276876	hotel-image-bulk/sources/kagoshimadaiichihotelkishaba_maps_evidence.jpg
d970f620160d159c6e07a1a4049b9d7b29c1942160a1535747b14e884a4fcc28	270162	hotel-image-bulk/sources/kagoshimadaiichihotelkishaba_maps_final_evidence.jpg
e623dc7bca3d42205591589fbd266b7fd2547299414e764bfafa0fd028bebfc9	300841	hotel-image-bulk/sources/kagoshimaplazahoteltenmonkan_earth.jpg
8cd9110e475fdc0f86677e5e716fdca19737dffed37486d93ed912df6a6f258b	292694	hotel-image-bulk/sources/kagoshimaplazahoteltenmonkan_earth_evidence.jpg
54b178d795f2ba6158c8cf0374078df8ef3a322eb057938e25f825004284392b	358367	hotel-image-bulk/sources/kagoshimaplazahoteltenmonkan_earth2d.jpg
6af080aeda3803088bc2d1b0ee11278d5ac6ab7c797705a315e69437025a146e	186220	hotel-image-bulk/sources/kagoshimaplazahoteltenmonkan_earth2d_evidence.jpg
370854a58957fd2344b4d798f0a88a7c0d802f8571100eda9ab39a2b62903b3a	261058	hotel-image-bulk/sources/kagoshimaplazahoteltenmonkan_maps.jpg
886352d6c54cd6fe13d1eedd92c1059e77b46d30af6832ec7a019ff9b2285c17	309891	hotel-image-bulk/sources/kagoshimaplazahoteltenmonkan_maps_coordinate_evidence.jpg
b561cf3eabec2c4e6fa72b7c692bce2cf7a7da5a992382de99c7da72c26727bb	314191	hotel-image-bulk/sources/kagoshimaplazahoteltenmonkan_maps_evidence.jpg
06de46f155b5fa1b2313ea9a3ea01871a2bba686bfe8e0c0dd857db91ce2bd89	309111	hotel-image-bulk/sources/kagoshimaplazahoteltenmonkan_maps_final_evidence.jpg
0c4df4ea22eb8f124f57f491107a377e3e26b002028f014fba5f630d9628f327	255579	hotel-image-bulk/sources/kagoshimasunroyalhotel_earth.jpg
114fde95e551353ebcf7fe8388be5aaeef80ddb60ea778e17d0dbbd3491b9dde	169941	hotel-image-bulk/sources/kagoshimasunroyalhotel_earth_evidence.jpg
8ad62a8da070074f043df6fa982d5462f13648b525d11715d56dedede4cc2e04	231266	hotel-image-bulk/sources/kagoshimasunroyalhotel_maps.jpg
3972f934756cc7932cde077a20a79d4459a38e7fff5d0d15000c187022f4781d	277919	hotel-image-bulk/sources/kagoshimasunroyalhotel_maps_coordinate_evidence.jpg
572bd28121bc9970cad1bd1f1d2ba9dd1fc0ddafcc306d609d6d9b688d428636	206854	hotel-image-bulk/sources/kagoshimasunroyalhotel_maps_evidence.jpg
b1dd71068fe66ced7e30397277de40e9686aa8c5c0952451b5557ab4a4519c96	224160	hotel-image-bulk/sources/kagoshimasunroyalhotel_maps_final_evidence.jpg
c805e874e7c8e7c7a600b72a8a83193d42c9a1ac68455d3778e8b9c3f2e752a1	316129	hotel-image-bulk/sources/kisyabahotel_earth.jpg
aa1c4a0dccaee3c3bbee93aa1c557d2539d9a6dac08eababc5ff74918df6d981	285931	hotel-image-bulk/sources/kisyabahotel_earth_evidence.jpg
67c0a3c85e3d196c5aaef1e3f613ac7f77ef1a393b1b553ffd03e3f001e4a3d2	243715	hotel-image-bulk/sources/kisyabahotel_maps.jpg
e1f21556d7a48ebf7794eb40d90afeda2c7ce34e94f07eb70f7355a0799dce53	328115	hotel-image-bulk/sources/kisyabahotel_maps_coordinate_evidence.jpg
3f5e29e2a9410fa368846590ac7dc330e6ccccf5ad48cb38ad39e57420462e19	299199	hotel-image-bulk/sources/kisyabahotel_maps_evidence.jpg
c53e0064ca9da1443ebd19a9f49c5024c12cc20c0530f6dc322780820db82d7f	294558	hotel-image-bulk/sources/kisyabahotel_maps_final_evidence.jpg
ce66d75c1abff9ebfa2ee98e79ee776fe87a5d930af6f4fdbfdfec3d1bc33a24	294579	hotel-image-bulk/sources/kokohotelkagoshimatenmonkan_earth.jpg
c2ce88af5cc7d1be89787072ffb07a7fb85f9f7c9e6a9db0a989668de4d9f378	92349	hotel-image-bulk/sources/kokohotelkagoshimatenmonkan_earth_evidence.jpg
56f5ab99d1de7692df13191eea78b7c18a75f0621a6acde69eceb5dd1ae4cfa7	294575	hotel-image-bulk/sources/kokohotelkagoshimatenmonkan_earth_evidence_retry.jpg
334700655e66eab0d78bafa35569a12a261e0f4a153bd0771446a6fbd5feb688	354879	hotel-image-bulk/sources/kokohotelkagoshimatenmonkan_earth2d.jpg
0f345464db4d671207bff3295ee532f95f694bdc2cbceaaedde0d9d6ad442a50	171289	hotel-image-bulk/sources/kokohotelkagoshimatenmonkan_earth2d_evidence.jpg
8fd49e09256027243173dc729caf443d7b169b014d8f86184ad45c91783df389	315228	hotel-image-bulk/sources/kokohotelkagoshimatenmonkan_maps.jpg
0e2301e493029199c265f8dee2ea4e62a14c0e111242eb90f6dc6311db01f349	332419	hotel-image-bulk/sources/kokohotelkagoshimatenmonkan_maps_coordinate_evidence.jpg
6346bf977330f2aabf383f4dff5d152c481d906891632d3244ab382123f6c9a5	316542	hotel-image-bulk/sources/kokohotelkagoshimatenmonkan_maps_evidence.jpg
0a5c2da9091f26962aa9ec677d6a48223bd71564d7e2f3ebb830a5b46df5be41	310460	hotel-image-bulk/sources/kokohotelkagoshimatenmonkan_maps_final_evidence.jpg
cc4a00af4407de2f88488167e974f373da0ceba047358f4ada0c758999650066	204110	hotel-image-bulk/sources/marinepalacekagoshima_earth.jpg
f1a2489284c5b97bb9993d12a314d37477da7234423b22e923c3eb38423eeafe	160194	hotel-image-bulk/sources/marinepalacekagoshima_earth_evidence.jpg
90a9ec36265243f2a4b1c140035a41dde94a1145de5c5e8ba1e46b0403ff788f	188717	hotel-image-bulk/sources/marinepalacekagoshima_maps.jpg
0b8323229d1eee4510ad0f6e5a0a6ffa8bbdefb525820dc5bbb3636123b4b83b	194173	hotel-image-bulk/sources/marinepalacekagoshima_maps_coordinate_evidence.jpg
b235043034a040012ebcd1fd96360c974a5b4deef6ec493984e5ec2dd55ea771	163184	hotel-image-bulk/sources/marinepalacekagoshima_maps_evidence.jpg
6e3382392b4c83b37c6386e088a5fea208f04046ae7e4d10e9403fc8937ee23d	167984	hotel-image-bulk/sources/marinepalacekagoshima_maps_final_evidence.jpg
ec5527c55b68e3732621c0b25b3a0c485e1ea390dab1da019d93db339165607a	291355	hotel-image-bulk/sources/naturalhotspringhoteljichikaikan_earth.jpg
b2ca6fab980b8eae2c9fa3e505b23969d2803b857b2432b56c2f22c085e3544f	183100	hotel-image-bulk/sources/naturalhotspringhoteljichikaikan_earth_evidence.jpg
4a2872c24672bad275c41e9f8677eb33a2e79bfbf52defdb82677341ac8601fb	261947	hotel-image-bulk/sources/naturalhotspringhoteljichikaikan_maps.jpg
ba4e416fc4019d27514011c2885b86eebbca6f54130a73724bf3ce2af67bcfc3	267957	hotel-image-bulk/sources/naturalhotspringhoteljichikaikan_maps_coordinate_evidence.jpg
a4d4bcca24deb4d8168d11e99e16a5a77cfc487c584dca1c8aaf1ee05d1b9881	268877	hotel-image-bulk/sources/naturalhotspringhoteljichikaikan_maps_evidence.jpg
5af3d50aaeb0e5150f7de7efd7bf830195b14854c5eb7a18911e262f47691c18	267869	hotel-image-bulk/sources/naturalhotspringhoteljichikaikan_maps_final_evidence.jpg
8994c815640f624f2ffe17b5cec609ff2a6e706bef28a8e134ff83a394c00c80	317353	hotel-image-bulk/sources/quintessa_maps_z16_test.jpg
c9f154faf2e1a6a63f5573c8392e1d993fb02d0a2112a94a0b0af770ff63a0bc	316208	hotel-image-bulk/sources/quintessahotelkagoshimatenmonkanrelaxsleep_earth.jpg
37207999a1de4c2490e27ad87e17b9ba6a80e2a94c322f00e7dcf22ad1c451b6	290229	hotel-image-bulk/sources/quintessahotelkagoshimatenmonkanrelaxsleep_earth_evidence.jpg
ada62f3df4db873b8c73b96d90c0ff4e1d197c4fefe0a21912e0524793368b79	258807	hotel-image-bulk/sources/quintessahotelkagoshimatenmonkanrelaxsleep_maps.jpg
044982f30e4f16fd66aff97aee465a4af50dfd9cd7694d69bb9c319bc5a3db4b	333944	hotel-image-bulk/sources/quintessahotelkagoshimatenmonkanrelaxsleep_maps_coordinate_evidence.jpg
e9a5ac3a8cc4ea1296601a4cfed32e2574bab9841f24b187983cba7a83190cac	310357	hotel-image-bulk/sources/quintessahotelkagoshimatenmonkanrelaxsleep_maps_evidence.jpg
ea4d8249a71984c2a246b8d4c5c3061ac0014b979ff6d8b8d9f4a03a4c8da3f6	311862	hotel-image-bulk/sources/quintessahotelkagoshimatenmonkanrelaxsleep_maps_final_evidence.jpg
6b96ea44b2fde167b72277b6030c8a46255bf9cee3c776affb1b7ebcb63a9f0f	311800	hotel-image-bulk/sources/remmkagoshima_earth.jpg
92d5405792414ba30cc535f1564bf6e69368b9cb6dae3633353b70b1d5bab116	175930	hotel-image-bulk/sources/remmkagoshima_earth_evidence.jpg
c6e903ed1cd225d6a31e0d8570e0233cdc1f3af6fe1d8c4bcfbd33930fe614d2	252577	hotel-image-bulk/sources/remmkagoshima_maps.jpg
27c52d5021b4a23417dc0e4153a1b46f8e599d3f57fc35a20c2c358134af2fc3	336282	hotel-image-bulk/sources/remmkagoshima_maps_coordinate_evidence.jpg
82460f53d3347864ed92bd161fe6212ee3baacd170a41e0e9ddf06bd8e4fd5ce	286453	hotel-image-bulk/sources/remmkagoshima_maps_evidence.jpg
4d26705bcbf32d17122d47adf722f5b80572763f5176f6169b85e7ede0ae4584	295423	hotel-image-bulk/sources/remmkagoshima_maps_final_evidence.jpg
ec5b051da62495308b22b92468dac59b19eeff3b94cbb3f20a4be462fe19f813	300922	hotel-image-bulk/sources/richmondhotelkagoshimakinseicho_earth.jpg
da2d4d866eb4a281d33838b9625e8cc28eab8a5031ce4a4dd9b9c708a7b481ec	160795	hotel-image-bulk/sources/richmondhotelkagoshimakinseicho_earth_evidence.jpg
b107c6d4707c6ab202ad32924424125bc22dd63c247982cf34e0998c8a6578cf	240401	hotel-image-bulk/sources/richmondhotelkagoshimakinseicho_maps.jpg
96c1eff96057069f4e8bd05acd4ee569a9f077396aa3dc2183a4ff19eb8813a9	329105	hotel-image-bulk/sources/richmondhotelkagoshimakinseicho_maps_coordinate_evidence.jpg
f10c97cc0937eac5fde9fd4979f027b1bdee1abf51c6d9ceab221b07097808f4	294640	hotel-image-bulk/sources/richmondhotelkagoshimakinseicho_maps_evidence.jpg
ca495a76d9bf2e014c10fc54833401429a01f818d9a6ac023460542cd7609406	294462	hotel-image-bulk/sources/richmondhotelkagoshimakinseicho_maps_final_evidence.jpg
09b912adf61fa2d7b09781c45850622a9de6adf743d7abbc0f7684d57196e6c3	315145	hotel-image-bulk/sources/richmondhotelkagoshimatenmonkan_earth.jpg
87e1bd19bd84bb4ccc1ddded4a8c8b5bd055fcb88f85adf0863bb7d95f3b9feb	178775	hotel-image-bulk/sources/richmondhotelkagoshimatenmonkan_earth_evidence.jpg
dd7a3ce88e4856e2e7a57fa78316447c19f7eaf77b76dd7c832fab4812e699bd	318073	hotel-image-bulk/sources/richmondhotelkagoshimatenmonkan_maps.jpg
91b890adfd25f4426568cec2e61f9ad9111f297a64666abd0b8cf06d54014fdf	321814	hotel-image-bulk/sources/richmondhotelkagoshimatenmonkan_maps_coordinate_evidence.jpg
2680fdee44b1eb41d4895b03a5ff00e74812a22bf82b42e3663f9fb57893f5e9	279594	hotel-image-bulk/sources/richmondhotelkagoshimatenmonkan_maps_evidence.jpg
d548832a205284b367e6142bec91030f04c3163606df6ad34f842f1cb2577076	280012	hotel-image-bulk/sources/richmondhotelkagoshimatenmonkan_maps_final_evidence.jpg
c4f044da1fea6110a96c9b188146f00fc8685618847b542e5e12fc8e271274c5	301433	hotel-image-bulk/sources/sheratonkagoshima_earth.jpg
b3eb7651fe46c4ba42ea6f70109ab2a8ab4c25e9333cbb6f20b4639b6e827e72	261231	hotel-image-bulk/sources/sheratonkagoshima_earth_evidence.jpg
3134c4934f6350f919846ce9c79ec6e7fb2ddc248838e2425207bc093016c456	228151	hotel-image-bulk/sources/sheratonkagoshima_maps.jpg
e0e615dee8382429ad46ac2276d14fc19246d04e859594d8b0e2f5df494ed8ee	291265	hotel-image-bulk/sources/sheratonkagoshima_maps_coordinate_evidence.jpg
f27571be0bb33f3a013f94451e2abcfe60c27518fc314cbca539e617ea19e754	276805	hotel-image-bulk/sources/sheratonkagoshima_maps_evidence.jpg
1a3dafa34cb75963f8911462a3e8bfebd6ce16e84bbfdef12c2234ec8824416f	275524	hotel-image-bulk/sources/sheratonkagoshima_maps_final_evidence.jpg
14d4046812ec6a319b7cbcaaed7b908f0c1545211f0cbf9ae2448a2a6fcae7ab	273744	hotel-image-bulk/sources/shiroyamahotelkagoshima_earth.jpg
d87c16fa21a5b3d467aafef76aeec72bcc354560e8c0aeaeb52555d9e9c99b38	246664	hotel-image-bulk/sources/shiroyamahotelkagoshima_earth_evidence.jpg
a57fdc8f380010f55a4e196c7e2819373cc921896a0068b499a2a2387d9e7a1a	317937	hotel-image-bulk/sources/shiroyamahotelkagoshima_earth2d.jpg
db24efd92d03ecc2cc13006b09677cba7e7fd7f0dd13c74023490f5c216f2f1b	295934	hotel-image-bulk/sources/shiroyamahotelkagoshima_earth2d_evidence.jpg
a73cde92c8b7e52bea89461b19e2d7e17dc869e5db8754415689268b8598dce6	291389	hotel-image-bulk/sources/shiroyamahotelkagoshima_maps.jpg
509e87c61e71708658702769ddea0c16b8385ddcf141c908813fe01c496d4495	292708	hotel-image-bulk/sources/shiroyamahotelkagoshima_maps_coordinate_evidence.jpg
4b9e64e147b56b2dc3c4df7d41c5bc4c2a53bb759848ab892166436f8dae2428	298282	hotel-image-bulk/sources/shiroyamahotelkagoshima_maps_evidence.jpg
f5004b7fd75184f963111ae54b7f05b6c385daa8908bde2f30a5d543a265a1ad	294776	hotel-image-bulk/sources/shiroyamahotelkagoshima_maps_final_evidence.jpg
951a9361c6c8a565c55afffad26265fe831596e557149b8db5f83fefdc12cca7	306741	hotel-image-bulk/sources/silkinnkagoshima_earth.jpg
c840d22b4bde9f6c551bad3709898012948a7e20dca3ccb4be85b65aef1127c1	277339	hotel-image-bulk/sources/silkinnkagoshima_earth_evidence.jpg
88899bbbaf2ffb8edcbff170dbdaab52e45db686bc203c9213be54db803ef8fc	250093	hotel-image-bulk/sources/silkinnkagoshima_maps.jpg
2c3ab5f4bd6afd27ffb343436ca719dc10d193e7de6a54d854a6201c6d0b07fb	302633	hotel-image-bulk/sources/silkinnkagoshima_maps_coordinate_evidence.jpg
6cc85e0d8cb367d3284a61e2362ab34b62e16bedc6cf14922c503d56293deb30	297716	hotel-image-bulk/sources/silkinnkagoshima_maps_evidence.jpg
56277b985451b9151144dd9488f1e1fd471d769d402a866e80bae0388b51f2b8	298388	hotel-image-bulk/sources/silkinnkagoshima_maps_final_evidence.jpg
93116c28ca5131451c7d393cd5d1d81aaf2929ef0847472f8d09c016d066fdc8	303333	hotel-image-bulk/sources/solarianishitetsuhotelkagoshima_earth.jpg
95cdf757cb174dd86c68d6c56aa629da5044574833b315f49d79e52618756703	280045	hotel-image-bulk/sources/solarianishitetsuhotelkagoshima_earth_evidence.jpg
d79011ace4d5e8e6122c7361e8c5ffa6cdd42871e1e21efc17bc8f852408b255	235402	hotel-image-bulk/sources/solarianishitetsuhotelkagoshima_maps.jpg
09a281bde7fa9c9f3f913480f9039e16f661e57852c78341ed7751485cb64145	295771	hotel-image-bulk/sources/solarianishitetsuhotelkagoshima_maps_coordinate_evidence.jpg
df217b0af9759241abfdda3b3d1fbf6f7fa6f8707a6c5d4931ca2d485ffa0400	295522	hotel-image-bulk/sources/solarianishitetsuhotelkagoshima_maps_evidence.jpg
d56777c985d5348b671084e597a6425529632734c7b236430efe03e48b356219	296072	hotel-image-bulk/sources/solarianishitetsuhotelkagoshima_maps_final_evidence.jpg
4d572e7dd4ea1eef8900996f7118804b346de1ae93adf6d7230a3bc0bfa688b4	279411	hotel-image-bulk/sources/toyokoinnkagoshimachuoekihigashiguchi_earth.jpg
97eac9f357f25b515f8a2ca4df96bc3de4cad370145e14974889bef8901182df	205192	hotel-image-bulk/sources/toyokoinnkagoshimachuoekihigashiguchi_earth_evidence.jpg
a5a2b382e4a1cbd6331ffff0b310c137a4999879e6aa3359a2c0146a47672d0a	215208	hotel-image-bulk/sources/toyokoinnkagoshimachuoekihigashiguchi_maps.jpg
27ccb12925db91455c0bbb8b2a47181c6b0bfaacb99af69ec478bb77f10186d7	300401	hotel-image-bulk/sources/toyokoinnkagoshimachuoekihigashiguchi_maps_coordinate_evidence.jpg
58c9d86e32112c2fcc94f1501227976e74651ed54b8c182493360889f3eb3ac8	254088	hotel-image-bulk/sources/toyokoinnkagoshimachuoekihigashiguchi_maps_evidence.jpg
48636736b40f8edc8c330fd4b7767d32f220e7e8a491da0db395d6075475ea23	254711	hotel-image-bulk/sources/toyokoinnkagoshimachuoekihigashiguchi_maps_final_evidence.jpg
2ddae4cfc28224c7afada5627b55d9333311badfaabe4a088357ced265ce4ea6	309251	hotel-image-bulk/sources/toyokoinnkagoshimachuostationnishi_earth.jpg
062bf9bd51fae2262e4a78528d73680dff87847805b3615fdcbc2b25517dae78	192158	hotel-image-bulk/sources/toyokoinnkagoshimachuostationnishi_earth_evidence.jpg
6a6dd0690f3ec10a437c458f922db500f438431d8e88b2196177d9d31b3eb8fd	322310	hotel-image-bulk/sources/toyokoinnkagoshimachuostationnishi_maps.jpg
9a66dcc997f9f69f452d3fa95c509775d4dab9d27733c721616f2b550900caa9	305419	hotel-image-bulk/sources/toyokoinnkagoshimachuostationnishi_maps_coordinate_evidence.jpg
74c1ae771a17544704fa987204a8152fcc87ace26d1fb98aa769a2a8f53d23a0	299536	hotel-image-bulk/sources/toyokoinnkagoshimachuostationnishi_maps_evidence.jpg
029879fd27c972b1d98a37b3838a154de8ddd28dbbcd0ac0a0679184f1581b8f	327962	hotel-image-bulk/sources/toyokoinnkagoshimachuostationnishi_maps_final_evidence.jpg
d525deae540e498b6bba5840be63289becdb8751048ad572debfa6c2521b118c	299830	hotel-image-bulk/sources/toyokoinnkagoshimatemmonkanno1_earth.jpg
bf147afc15a78b13ddcd183f67410c15bf12115a56ce005495d018e583da8208	172536	hotel-image-bulk/sources/toyokoinnkagoshimatemmonkanno1_earth_evidence.jpg
5616030b0ba11c0f7ebc6f01c4555db471b6d0eeb775ec3bab0bd69264a18366	331491	hotel-image-bulk/sources/toyokoinnkagoshimatemmonkanno1_maps.jpg
a1db929494836511741b8e7d0e167401ad6f05773db5b8f9b482a5b31798d6e2	303530	hotel-image-bulk/sources/toyokoinnkagoshimatemmonkanno1_maps_coordinate_evidence.jpg
48cf730dbca430927080b844d77f99b5094ffd1ef95b5a96a87ed8f3531a8108	307065	hotel-image-bulk/sources/toyokoinnkagoshimatemmonkanno1_maps_evidence.jpg
c0e4ab7ad251251ea8d2bcc47dd4ddf381ee7ceb57d14e004fa6b6ac9df18ad7	334941	hotel-image-bulk/sources/toyokoinnkagoshimatemmonkanno1_maps_final_evidence.jpg
81f79d44dc1107db4f35cdf3f6214057a476db1a7e04feb7de798873b877a924	304867	hotel-image-bulk/sources/toyokoinnkagoshimatemmonkanno2_earth.jpg
364029ed72e6042a95e66b8b159674042d3dcfb44a546090543d18fea0304745	280040	hotel-image-bulk/sources/toyokoinnkagoshimatemmonkanno2_earth_evidence.jpg
eae99a4bf144a5056acdce0bd606b3c6993a9ff66b487c844239c463c2fa3485	271883	hotel-image-bulk/sources/toyokoinnkagoshimatemmonkanno2_maps.jpg
7994dd4b6a9e7e1d249c6f6695ec83cffd6d80032cef2f8e971f22da79cb90c5	319811	hotel-image-bulk/sources/toyokoinnkagoshimatemmonkanno2_maps_coordinate_evidence.jpg
9472a6c8e8c073aee77c44e841d6c422edc66d7588801a33575b48d9f7bde943	300401	hotel-image-bulk/sources/toyokoinnkagoshimatemmonkanno2_maps_evidence.jpg
903de7939368d128a0c9be67889bedae991e3969bdf3ada444554146155de657	329185	hotel-image-bulk/sources/toyokoinnkagoshimatemmonkanno2_maps_final_evidence.jpg
999ac71398de496b1b330920c32239cf5ccb942fbf6197eeaf3bcb7a746230f0	308324	hotel-image-bulk/sources/youstylehotelmarine_earth.jpg
4effb94e6db03b7e8d77239f4ad59daf613b8c04bfb3b112a0bcf86e66d8911e	290666	hotel-image-bulk/sources/youstylehotelmarine_earth_evidence.jpg
83b5a0a0429ec5ec2e994c15e216cf340ec252195ef1da31927ec26d5f2752b6	352208	hotel-image-bulk/sources/youstylehotelmarine_earth2d.jpg
53bf36dffc1461416ae390a725d40bfa6d8d4781688a39a2576f66f39135b0f8	172101	hotel-image-bulk/sources/youstylehotelmarine_earth2d_evidence.jpg
5dc0f2d44642b5ba772d8ec7cb2caaa2147ed082191df6dfa9f7d16a59c3ffda	330378	hotel-image-bulk/sources/youstylehotelmarine_maps.jpg
a359b4ffa5a7123c9f939820650307d9bc228dfb6ad93d58c6a878a5ebde8e44	326977	hotel-image-bulk/sources/youstylehotelmarine_maps_coordinate_evidence.jpg
e578dfe1bd6737d6409659a3f8829bb23fc02e03d62f55b20522af0103f9ff10	282884	hotel-image-bulk/sources/youstylehotelmarine_maps_evidence.jpg
ff978b781609fa0164eccdc3661961ce85a8678627d578578f1b3512b802b9b2	278431	hotel-image-bulk/sources/youstylehotelmarine_maps_final_evidence.jpg
24b168fb7ed5eb4a2c1fe603e98e16d1641fa5074795cf8d7133cac23edf0c7c	306968	hotel-image-bulk/sources/youstylehotelmate_earth.jpg
1de8ead8a52462bbf0a57763ffb2812efa4b384aa797fae71da5e07e1c8953d2	274723	hotel-image-bulk/sources/youstylehotelmate_earth_evidence.jpg
0017594efe9083c94a4bb339e41ec5157dd6debe7450354fc0321534e2af4908	360331	hotel-image-bulk/sources/youstylehotelmate_earth2d.jpg
b1c40c0396eefc0503e3bb7c493120684da6e053ccb0adf80c8fe48d2851588b	187496	hotel-image-bulk/sources/youstylehotelmate_earth2d_evidence.jpg
dbc8f49cc2a9dc545a05a0cb4f7ba4b62cb5134ffd5d0893a9423b5e0a343db8	333954	hotel-image-bulk/sources/youstylehotelmate_maps.jpg
5ed2ac746c2dbae7e5b07891dff2985934d67651b9f070be544b6c66cb91013d	328367	hotel-image-bulk/sources/youstylehotelmate_maps_coordinate_evidence.jpg
24740acc3fd97dd719d4d9a21265ab0c3225397356403aefbc93d5a0f15bf7d8	303527	hotel-image-bulk/sources/youstylehotelmate_maps_evidence.jpg
7351197effff1a8dd9211096b1791b4969a502ea8856d9424b8ae0ba2ed13772	297390	hotel-image-bulk/sources/youstylehotelmate_maps_final_evidence.jpg
